total_dist,total_time,avg_speed,min_speed,max_speed,target
958.0,2657.44,2.77,0.0,6.49,2
420.0,655.61,1.56,0.1,5.4,3
7026.0,2686.97,0.38,0.0,5.5,3
1705.0,13012.77,7.63,0.0,20.81,1
291.0,873.24,3.0,0.07,6.56,2
2583.0,16009.76,6.2,0.0,38.31,1
1726.0,111755.12,64.75,6.66,84.1,4
114.0,141.7,1.24,0.11,3.94,3
273.0,1572.99,5.76,0.06,11.86,1
385.0,1230.96,3.2,0.38,7.7,2
1314.0,3395.4,2.58,0.0,9.56,2
25.0,43.21,1.73,0.72,0.98,3
17.0,44.05,2.59,0.43,1.01,3
3453.0,11943.85,3.46,0.3,24.53,1
6602.0,152573.4,23.11,0.0,35.05,4
270.0,287.32,1.06,0.06,2.95,3
311.0,383.74,1.23,0.17,3.55,3
2049.0,1209.33,0.59,0.06,1.9,3
15730.0,149.73,0.01,0.0,5.25,3
1630.0,1533.35,0.94,0.0,5.3,3
1764.0,11026.28,6.25,0.0,34.31,1
582.0,2016.25,3.46,0.07,8.73,2
140.0,232.19,1.66,0.81,3.21,3
38.0,29.61,0.78,0.1,2.32,3
78.0,10.04,0.13,0.0,1.56,3
698.0,2394.29,3.43,0.04,7.86,2
174.0,1415.54,8.14,0.0,20.35,1
47.0,119.08,2.53,0.77,1.39,3
37.0,65.36,1.77,1.47,1.94,3
227.0,542.09,2.39,0.68,4.77,2
10538.0,277522.12,26.34,0.0,41.85,4
412.0,1793.98,4.35,0.04,6.05,2
1963.0,5213.94,2.66,0.13,9.49,2
37932.0,9875.76,0.26,0.01,12.02,2
550.0,1740.23,3.16,0.0,5.59,2
192.0,60.92,0.32,0.16,2.69,3
235.0,188.73,0.8,0.0,4.99,3
525.0,645.95,1.23,0.8,1.32,3
508.0,1271.57,2.5,0.11,4.93,2
300.0,563.95,1.88,0.63,5.61,3
3666.0,2760.09,0.75,0.0,5.93,3
336.0,2864.23,8.52,0.04,16.29,1
1182.0,11811.79,9.99,0.0,21.95,1
1226.0,223.73,0.18,0.0,3.44,3
55.0,80.91,1.47,0.47,3.79,3
87.0,144.45,1.66,1.11,2.04,3
500.0,791.9,1.58,0.2,4.87,3
374.0,2335.31,6.24,0.94,14.78,1
936.0,3600.21,3.85,0.0,13.58,2
3129.0,28426.4,9.08,0.81,19.01,4
1182.0,3174.4,2.69,0.0,13.03,2
190.0,170.12,0.9,0.0,2.03,3
548.0,3790.42,6.92,0.48,32.52,1
494.0,603.36,1.22,0.0,5.22,3
107.0,85.06,0.79,0.37,1.21,3
1783.0,3338.77,1.87,0.0,11.62,2
1050.0,3195.96,3.04,0.0,10.36,2
873.0,1275.2,1.46,0.0,5.04,3
303.0,363.74,1.2,0.0,4.1,3
1192.0,3703.26,3.11,0.04,13.58,2
91.0,123.04,1.35,0.2,3.53,3
682.0,2395.97,3.51,0.06,10.97,2
1757.0,111961.35,63.72,8.41,84.27,4
1447.0,4124.72,2.85,0.0,12.14,2
1138.0,3287.48,2.89,0.06,9.39,2
778.0,1074.48,1.38,0.0,4.2,3
923.0,4653.32,5.04,0.0,19.97,1
812.0,306.77,0.38,0.14,2.47,3
368.0,853.94,2.32,0.0,6.63,2
381.0,506.89,1.33,0.09,1.31,3
334.0,446.13,1.34,0.0,5.96,3
1992.0,2773.53,1.39,0.0,12.4,2
740.0,5359.68,7.24,0.0,19.05,1
711.0,341.22,0.48,0.25,0.55,3
305.0,157.06,0.51,0.0,4.13,3
1683.0,15664.54,9.31,0.04,19.63,1
371.0,665.07,1.79,0.0,9.83,2
1292.0,9222.08,7.14,0.0,18.86,1
145.0,252.6,1.74,1.01,3.5,3
1246.0,1959.33,1.57,0.0,8.0,2
536.0,417.36,0.78,0.0,5.07,3
992.0,3304.18,3.33,0.06,9.25,2
625.0,749.16,1.2,0.0,4.82,3
2950.0,17995.76,6.1,0.0,18.65,1
28.0,31.35,1.12,0.19,4.36,3
140.0,223.06,1.59,0.0,5.25,2
1004.0,3074.17,3.06,0.0,10.49,2
3022.0,10194.2,3.37,0.27,5.83,2
560.0,1341.82,2.4,0.06,8.24,2
1254.0,16699.26,13.32,0.0,22.73,1
395.0,879.62,2.23,0.0,11.58,2
2093.0,4242.85,2.03,0.0,17.21,1
661.0,471.41,0.71,0.14,1.0,3
2320.0,12292.55,5.3,1.03,11.97,2
425.0,556.72,1.31,0.0,3.1,3
1474.0,4083.75,2.77,0.0,13.78,2
1050.0,1353.59,1.29,0.0,4.02,3
13713.0,260371.02,18.99,0.0,34.57,4
13.0,15.94,1.23,0.0,3.78,3
1168.0,2386.03,2.04,0.0,6.62,2
495.0,869.24,1.76,0.28,5.24,3
812.0,2075.28,2.56,1.32,4.66,2
75.0,97.24,1.3,0.65,2.54,3
832.0,2740.06,3.29,0.86,6.28,2
441.0,282.67,0.64,0.0,5.62,3
2029.0,24826.59,12.24,0.0,26.28,1
110.0,135.62,1.23,0.58,1.97,3
7972.0,309317.49,38.8,0.12,56.88,4
403.0,429.71,1.07,0.07,5.36,3
49.0,141.0,2.88,0.0,5.02,2
75.0,122.62,1.63,1.18,1.45,4
50814.0,2230.5,0.04,0.02,12.52,2
588.0,1742.75,2.96,0.12,7.26,2
3823.0,1931.81,0.51,0.13,1.43,3
480.0,635.6,1.32,0.68,1.43,3
1931.0,7661.0,3.97,0.0,7.45,2
3390.0,16758.81,4.94,0.0,21.63,1
47.0,75.52,1.61,0.87,1.8,3
806.0,2761.26,3.43,0.0,8.36,2
142.0,237.87,1.68,1.01,1.32,3
181.0,190.52,1.05,0.0,3.85,3
218.0,296.31,1.36,0.0,5.29,3
1753.0,111896.56,63.83,8.32,83.65,4
60.0,80.41,1.34,0.55,2.16,3
240.0,319.17,1.33,0.1,4.95,3
155.0,199.37,1.29,0.0,2.28,3
318.0,298.6,0.94,0.74,1.09,3
448.0,1223.08,2.73,0.1,9.22,2
3960.0,4157.95,1.05,0.34,6.06,2
368.0,4627.24,12.57,1.89,20.79,1
420.0,569.27,1.36,0.07,5.33,3
933.0,3391.04,3.63,0.0,10.83,2
630.0,1864.69,2.96,0.0,9.17,2
942.0,3686.88,3.91,0.04,10.28,2
80.0,106.63,1.33,0.0,4.42,3
77.0,108.93,1.41,0.65,2.15,3
80.0,147.12,1.84,0.41,3.56,3
302.0,28.27,0.09,0.0,1.05,3
925.0,311.63,0.34,0.0,5.27,3
140.0,301.36,2.15,0.1,3.61,3
1687.0,111130.91,65.87,8.08,84.2,4
380.0,3507.91,9.23,0.0,22.31,1
158.0,231.42,1.46,0.34,3.44,3
80.0,192.02,2.4,0.67,4.52,2
89.0,772.39,8.68,0.41,27.39,4
1334.0,3562.07,2.67,0.0,16.98,1
188.0,286.6,1.52,0.04,4.58,3
540.0,72.8,0.13,0.0,1.87,3
610.0,786.75,1.29,0.0,5.69,3
1184.0,4740.63,4.0,0.0,10.48,2
205.0,313.02,1.53,0.0,4.14,3
110.0,67.2,0.61,0.0,1.35,3
233.0,262.98,1.13,0.0,3.73,3
784.0,2514.44,3.21,0.19,10.39,2
390.0,489.79,1.26,0.38,3.51,3
800.0,222.06,0.28,0.08,0.8,3
932.0,2418.68,2.6,0.33,7.61,2
1743.0,111866.86,64.18,8.49,84.09,4
635.0,851.56,1.34,0.0,4.68,3
739.0,1776.93,2.4,0.0,8.5,2
445.0,3937.59,8.85,0.0,18.25,1
695.0,2092.97,3.01,0.6,8.43,2
748.0,2793.1,3.73,0.0,10.18,2
1498.0,15034.82,10.04,0.53,36.55,1
870.0,2350.47,2.7,0.0,9.83,2
2335.0,1400.18,0.6,0.0,6.0,3
766.0,6950.96,9.07,0.0,19.48,1
1519.0,8444.04,5.56,0.0,20.65,1
76.0,107.06,1.41,0.24,3.09,3
783.0,6748.39,8.62,0.0,28.76,1
66.0,592.88,8.98,2.98,14.1,1
325.0,489.98,1.51,0.0,2.96,3
888.0,3285.97,3.7,0.0,8.88,2
1062.0,11413.08,10.75,0.71,23.21,1
225.0,1690.28,7.51,0.0,13.02,1
1206.0,2904.95,2.41,0.0,9.72,2
12633.0,24282.61,1.92,0.0,27.44,1
2063.0,29472.33,14.29,0.0,34.72,1
102.0,194.97,1.91,0.99,4.1,3
462.0,2434.56,5.27,0.0,29.6,1
1343.0,1123.96,0.84,0.11,1.87,3
3733.0,13394.59,3.59,0.0,31.4,1
1608.0,10583.13,6.58,0.0,20.81,1
1802.0,1712.98,0.95,0.07,4.68,3
694.0,1068.0,1.54,0.0,6.07,2
3888.0,2077.37,0.53,0.05,4.76,2
330.0,411.12,1.25,0.0,4.21,3
1672.0,606.69,0.36,0.0,4.34,3
1960.0,7226.8,3.69,0.0,18.82,1
170.0,253.97,1.49,0.04,2.81,2
2130.0,4888.77,2.3,0.0,9.06,2
1911.0,873.41,0.46,0.0,4.23,3
562.0,1833.89,3.26,0.11,8.37,2
295.0,274.58,0.93,0.0,2.26,3
54.0,88.44,1.64,0.28,3.55,3
398.0,341.69,0.86,0.14,5.37,3
278.0,880.88,3.17,0.22,6.22,2
3490.0,4005.41,1.15,0.0,15.54,1
9.0,33.5,3.72,0.0,6.37,2
1166.0,15288.44,13.11,0.0,24.29,1
501.0,719.28,1.44,0.0,5.21,3
3459.0,4313.67,1.25,0.0,17.55,1
655.0,3323.35,5.07,0.0,26.93,1
1020.0,3808.4,3.73,0.0,6.78,2
86.0,1146.01,13.33,3.09,40.67,1
151.0,172.24,1.14,0.0,1.83,3
96.0,85.07,0.89,0.0,2.8,3
816.0,5112.08,6.26,0.0,22.32,1
99.0,1685.5,17.03,8.61,22.61,4
250.0,290.43,1.16,0.0,4.29,3
23.0,33.05,1.44,0.79,1.06,3
198.0,576.91,2.91,0.61,6.49,2
45.0,39.73,0.88,0.0,1.34,3
242.0,446.63,1.85,0.44,5.59,3
525.0,630.73,1.2,0.0,3.32,3
896.0,2532.91,2.83,0.39,6.55,2
2705.0,1625.75,0.6,0.0,3.05,3
10.0,13.24,1.32,0.79,1.43,3
180.0,246.04,1.37,0.0,3.23,3
1544.0,5198.85,3.37,0.0,10.69,2
697.0,7913.08,11.35,0.0,21.75,1
133.0,228.87,1.72,0.26,5.31,3
43.0,467.07,10.86,6.0,13.91,1
242.0,2581.63,10.67,2.45,19.2,1
1012.0,5900.84,5.83,0.04,17.15,1
795.0,4664.2,5.87,0.0,24.34,1
2096.0,112749.71,53.79,2.81,83.1,4
1278.0,2913.68,2.28,0.0,9.84,2
358.0,419.97,1.17,0.12,5.52,3
575.0,191.36,0.33,0.21,0.35,3
955.0,1180.24,1.24,0.0,5.72,3
147.0,223.07,1.52,0.19,3.84,3
66.0,54.95,0.83,0.0,1.75,2
1732.0,111799.2,64.55,9.85,83.73,4
779.0,2305.13,2.96,0.66,4.98,2
163.0,307.29,1.89,1.32,2.83,3
20616.0,4974.02,0.24,0.01,6.65,2
1758.0,111993.72,63.71,6.64,84.33,4
755.0,5119.62,6.78,0.0,25.03,1
14902.0,52514.42,3.52,0.0,11.54,2
104.0,128.81,1.24,0.38,3.11,3
354.0,743.69,2.1,0.06,4.74,3
192.0,222.07,1.16,0.04,2.1,3
478.0,1628.08,3.41,0.26,6.53,2
1604.0,2272.47,1.42,0.1,4.19,3
86.0,124.02,1.44,0.26,2.79,3
146.0,1027.48,7.04,2.06,15.48,1
190.0,2247.8,11.83,5.01,12.32,1
46.0,73.36,1.59,0.48,2.92,3
1078.0,3524.18,3.27,0.0,11.35,2
974.0,3259.74,3.35,0.04,11.35,2
156.0,95.87,0.61,0.0,2.48,3
214.0,256.24,1.2,0.12,2.65,3
23452.0,9382.42,0.4,0.0,5.48,3
1960.0,16920.12,8.63,0.0,22.99,1
152.0,280.81,1.85,0.13,5.14,3
315.0,599.14,1.9,0.0,5.23,3
350.0,2787.71,7.96,0.04,17.75,1
1077.0,4243.79,3.94,0.0,11.12,2
101.0,905.38,8.96,0.69,19.42,1
448.0,1518.59,3.39,0.0,10.85,2
110.0,160.35,1.46,0.24,4.49,3
493.0,523.02,1.06,0.0,5.7,3
6312.0,9163.97,1.45,0.0,10.14,2
16530.0,2695.79,0.16,0.0,9.49,2
380.0,536.84,1.41,0.2,2.54,3
868.0,1347.5,1.55,0.0,5.76,3
1985.0,1913.59,0.96,0.03,2.02,3
756.0,6234.31,8.25,0.0,22.05,1
1804.0,5135.01,2.85,0.11,12.12,2
1026.0,3257.43,3.17,0.0,11.66,2
318.0,1694.08,5.33,0.17,16.18,1
328.0,428.47,1.31,0.08,3.54,1
1086.0,3299.24,3.04,0.12,8.87,2
440.0,396.56,0.9,0.0,5.32,3
968.0,3332.61,3.44,0.0,8.63,2
117.0,175.09,1.5,0.0,2.74,3
849.0,2376.25,2.8,0.0,11.15,2
460.0,1630.99,3.55,0.3,10.33,2
652.0,8384.35,12.86,0.0,20.76,1
80.0,51.62,0.65,0.0,1.31,3
1466.0,4023.66,2.74,0.0,10.25,2
985.0,4161.11,4.22,0.2,13.29,2
66.0,67.46,1.02,0.24,2.29,2
26.0,4.87,0.19,0.04,0.71,3
1197.0,10629.87,8.88,0.0,20.94,1
748.0,2110.01,2.82,0.0,7.61,2
2762.0,4774.99,1.73,0.0,11.3,2
506.0,875.13,1.73,0.0,6.25,2
1298.0,3579.13,2.76,0.0,9.32,2
78.0,121.36,1.56,0.28,3.91,3
195.0,448.55,2.3,0.44,4.55,3
220.0,259.51,1.18,0.06,3.16,3
2976.0,3764.62,1.26,0.0,5.98,2
731.0,2600.52,3.56,0.74,6.04,2
328.0,416.22,1.27,0.04,4.21,3
655.0,2112.72,3.23,0.0,7.98,2
1892.0,30671.81,16.21,0.0,29.25,1
365.0,2724.49,7.46,1.2,42.13,1
899.0,2651.96,2.95,0.04,7.68,2
583.0,4162.73,7.14,0.0,16.46,1
120.0,208.73,1.74,0.28,4.51,3
352.0,637.01,1.81,0.07,5.03,3
330.0,281.42,0.85,0.07,3.43,3
2076.0,9966.84,4.8,0.0,29.54,1
417.0,80.68,0.19,0.1,1.7,3
886.0,163.58,0.18,0.0,2.28,3
28.0,31.02,1.11,0.5,3.05,3
234.0,72.85,0.31,0.0,2.38,3
310.0,358.39,1.16,0.04,2.81,3
272.0,916.12,3.37,0.0,6.72,2
96.0,85.07,0.89,0.0,2.8,3
990.0,4141.44,4.18,0.0,9.81,2
250.0,394.61,1.58,0.0,4.82,3
291.0,347.79,1.2,0.0,6.0,3
1022.0,2645.48,2.59,0.0,11.32,2
75.0,138.56,1.85,1.38,1.84,3
575.0,2200.13,3.83,0.0,7.51,2
97.0,28.06,0.29,0.0,2.63,3
1022.0,3424.16,3.35,0.07,10.67,2
586.0,1824.94,3.11,0.72,6.93,2
568.0,726.11,1.28,0.26,3.9,3
1436.0,2499.85,1.74,0.0,8.18,2
1104.0,3324.82,3.01,0.17,9.89,2
386.0,614.69,1.59,0.0,6.74,2
45.0,59.11,1.31,0.0,4.31,3
518.0,1610.2,3.11,0.0,10.57,2
106.0,657.84,6.21,1.03,13.14,1
1124.0,16196.32,14.41,0.03,21.77,1
614.0,736.33,1.2,0.71,1.72,3
790.0,982.09,1.24,0.44,1.75,3
902.0,2518.05,2.79,0.0,10.73,2
627.0,459.38,0.73,0.0,1.73,3
190.0,299.06,1.57,0.43,2.51,3
30.0,44.7,1.49,0.28,2.06,3
836.0,1028.19,1.23,0.34,5.85,3
797.0,4253.91,5.34,0.0,22.63,1
1608.0,3208.08,2.0,0.0,10.42,2
6.0,11.15,1.86,1.18,1.52,3
76.0,85.46,1.12,0.41,2.36,3
23452.0,9382.42,0.4,0.0,5.48,3
8173.0,187072.1,22.89,0.0,38.76,4
765.0,5085.97,6.65,0.0,17.76,1
989.0,1188.85,1.2,0.0,5.2,3
384.0,589.43,1.53,0.0,5.85,3
1060.0,8916.71,8.41,0.0,23.2,1
190.0,214.52,1.13,0.0,2.09,3
50.0,58.8,1.18,0.0,4.05,3
650.0,2125.82,3.27,0.0,6.36,2
161.0,281.97,1.75,0.37,4.19,3
205.0,109.29,0.53,0.0,3.44,3
75.0,69.87,0.93,0.0,1.95,3
774.0,433.29,0.56,0.04,3.6,3
1439.0,3387.5,2.35,0.06,7.59,2
1737.0,111816.55,64.37,5.34,81.35,4
1639.0,2990.62,1.82,0.15,11.31,2
76.0,118.03,1.55,0.17,4.69,3
355.0,599.91,1.69,0.31,4.05,3
12848.0,6016.67,0.47,0.05,9.64,1
405.0,2675.25,6.61,0.0,14.03,1
654.0,833.51,1.27,0.0,4.3,3
1144.0,17206.28,15.04,0.02,27.87,1
908.0,3129.21,3.45,0.0,10.18,2
6063.0,17047.06,2.81,0.08,6.64,2
582.0,804.85,1.38,0.0,4.7,3
1208.0,3164.28,2.62,0.0,12.84,2
1488.0,3635.99,2.44,0.0,10.11,2
292.0,15.69,0.05,0.0,0.05,3
1737.0,111743.85,64.33,2.66,84.38,4
106.0,170.2,1.61,1.06,1.67,3
1297.0,2550.54,1.97,0.1,19.31,4
1122.0,1301.92,1.16,0.0,3.91,3
520.0,2215.96,4.26,0.82,6.99,2
775.0,2406.25,3.1,0.29,4.32,2
190.0,356.5,1.88,0.51,4.28,3
1333.0,15303.14,11.48,0.0,21.69,1
567.0,1629.73,2.87,0.92,8.22,2
1304.0,1173.59,0.9,0.0,3.1,3
1172.0,1344.96,1.15,0.0,5.33,3
1034.0,2680.42,2.59,0.0,12.65,2
290.0,468.44,1.62,0.09,5.38,3
616.0,4600.51,7.47,0.0,18.51,1
35.0,22.09,0.63,0.0,1.41,3
1548.0,1665.05,1.08,0.0,5.29,3
2100.0,942.81,0.45,0.0,2.85,3
394.0,370.73,0.94,0.04,3.74,3
1016.0,3270.55,3.22,0.0,11.48,2
122.0,43.06,0.35,0.0,0.81,3
196.0,298.59,1.52,0.34,4.29,3
710.0,1854.93,2.61,0.04,9.46,2
102.0,77.57,0.76,0.06,2.22,3
666.0,2169.07,3.26,0.04,11.35,2
154.0,96.75,0.63,0.27,3.31,3
1048.0,2025.64,1.93,0.39,10.34,2
1070.0,629.62,0.59,0.13,1.12,3
14226.0,380833.62,26.77,0.0,44.38,4
646.0,570.21,0.88,0.37,1.42,3
144.0,152.07,1.06,0.0,3.19,3
248.0,140.53,0.57,0.0,2.15,3
5853.0,3154.6,0.54,0.0,5.21,3
777.0,5209.05,6.7,0.0,18.54,1
1688.0,1950.21,1.16,0.0,8.7,2
1928.0,3788.34,1.96,0.0,10.35,2
715.0,6881.68,9.62,0.0,25.05,1
4285.0,3495.31,0.82,0.0,5.69,3
709.0,194.06,0.27,0.0,3.93,3
668.0,726.1,1.09,0.4,4.01,3
22.0,32.74,1.49,0.07,2.88,3
533.0,5862.17,11.0,2.5,19.73,1
652.0,1095.26,1.68,0.06,5.62,3
546.0,1459.24,2.67,0.09,7.27,2
53.0,82.12,1.55,0.0,4.13,3
596.0,1958.98,3.29,0.0,13.42,2
2244.0,1119.01,0.5,0.09,3.13,3
666.0,2330.83,3.5,0.0,9.52,2
320.0,574.04,1.79,0.07,5.32,3
180.0,309.0,1.72,0.0,5.14,2
497.0,1612.31,3.24,0.0,6.62,2
265.0,340.62,1.29,0.08,4.62,3
130.0,175.52,1.35,0.43,1.55,3
1586.0,1649.67,1.04,0.14,4.58,3
2031.0,3668.6,1.81,0.0,11.4,2
1100.0,3237.64,2.94,0.0,8.38,2
285.0,591.78,2.08,0.0,4.92,3
720.0,1925.01,2.67,0.96,10.77,2
117.0,136.05,1.16,0.0,3.43,3
320.0,910.5,2.85,0.0,8.64,2
480.0,229.06,0.48,0.07,2.09,3
203.0,321.11,1.58,0.0,5.13,3
683.0,2101.68,3.08,0.0,6.32,2
523.0,475.39,0.91,0.0,5.5,3
232.0,261.03,1.13,0.0,2.55,3
582.0,1436.96,2.47,0.06,6.13,2
498.0,2586.08,5.19,0.3,13.8,1
306.0,438.71,1.43,0.0,4.77,3
2702.0,12499.22,4.63,0.14,16.66,1
1302.0,3921.88,3.01,0.0,10.64,2
832.0,1800.56,2.16,0.0,5.69,2
494.0,2225.53,4.51,1.06,6.75,2
893.0,13376.07,14.98,0.0,25.75,1
237.0,3704.91,15.63,8.27,21.07,1
611.0,1460.12,2.39,0.0,14.72,1
60.0,43.87,0.73,0.04,1.72,2
3093.0,2530.11,0.82,0.18,1.78,3
129.0,148.12,1.15,0.0,5.76,3
270.0,987.84,3.66,1.06,4.89,2
400.0,582.06,1.46,0.53,2.66,3
303.0,432.26,1.43,0.0,4.68,3
210.0,251.63,1.2,0.0,3.47,3
275.0,159.0,0.58,0.0,2.51,3
61.0,81.07,1.33,0.31,1.01,3
1762.0,111926.38,63.52,9.96,84.03,4
138.0,178.69,1.29,0.0,4.75,2
65.0,138.33,2.13,0.51,4.23,3
1202.0,3375.57,2.81,0.0,13.27,2
416.0,552.06,1.33,0.04,2.56,3
417.0,1072.61,2.57,0.38,4.13,3
1234.0,12910.61,10.46,0.0,20.89,1
1110.0,10503.7,9.46,0.0,20.73,1
410.0,1428.23,3.48,0.0,6.33,2
928.0,3046.24,3.28,0.0,7.95,2
182.0,38.13,0.21,0.0,1.39,3
880.0,1006.17,1.14,0.0,3.6,3
4625.0,3220.99,0.7,0.0,4.45,3
460.0,1518.33,3.3,1.11,5.76,2
1164.0,3339.1,2.87,0.06,10.15,2
146.0,216.98,1.49,0.34,3.35,3
128.0,109.74,0.86,0.04,4.28,3
2877.0,682.67,0.24,0.08,3.31,3
2260.0,4902.4,2.17,0.0,9.68,2
114.0,247.5,2.17,1.19,1.32,3
13550.0,263326.02,19.43,0.0,34.69,4
5511.0,17780.34,3.23,0.04,25.63,1
78.0,83.92,1.08,0.19,2.07,3
179.0,125.45,0.7,0.0,5.08,3
771.0,5801.85,7.53,0.0,17.96,1
832.0,3956.7,4.76,0.04,12.85,2
1058.0,3207.31,3.03,0.0,12.05,2
1212.0,15352.63,12.67,0.09,21.35,1
442.0,3694.23,8.36,0.0,18.38,1
1024.0,3501.3,3.42,0.0,12.36,2
2044.0,1162.02,0.57,0.0,4.8,3
770.0,1072.84,1.39,0.0,3.98,3
986.0,1453.95,1.47,0.0,5.04,3
30.0,53.12,1.77,0.87,3.15,3
40.0,62.94,1.57,0.46,0.92,3
1034.0,9037.07,8.74,0.0,23.13,1
1526.0,2852.98,1.87,0.0,8.26,2
145.0,242.93,1.68,0.63,2.75,3
736.0,1206.99,1.64,0.0,4.9,3
195.0,493.67,2.53,0.22,10.16,2
259.0,408.9,1.58,0.0,4.01,3
712.0,2307.09,3.24,0.93,5.88,2
496.0,490.69,0.99,0.04,4.61,3
575.0,191.36,0.33,0.21,0.35,3
180.0,141.15,0.78,0.0,2.79,3
1176.0,19808.88,16.84,0.04,33.35,1
222.0,259.58,1.17,0.0,2.15,3
925.0,1007.67,1.09,0.0,2.13,3
874.0,4156.46,4.76,1.67,9.05,2
260.0,191.67,0.74,0.11,2.63,3
210.0,775.72,3.69,0.7,13.26,2
615.0,578.93,0.94,0.0,2.9,3
188.0,264.78,1.41,0.0,4.61,3
62.0,139.57,2.25,0.45,5.22,3
1012.0,3266.88,3.23,0.0,7.43,2
312.0,364.63,1.17,0.0,2.17,3
450.0,662.19,1.47,0.0,3.24,3
355.0,330.65,0.93,0.0,3.3,3
304.0,157.22,0.52,0.11,2.58,3
956.0,2224.38,2.33,0.07,11.8,2
332.0,481.01,1.45,0.41,3.41,3
354.0,485.53,1.37,0.2,5.77,3
386.0,1169.56,3.03,0.28,6.12,2
1070.0,3284.32,3.07,0.46,13.56,2
1111.0,925.36,0.83,0.0,5.55,3
382.0,602.84,1.58,0.34,3.9,3
340.0,2322.03,6.83,0.0,16.74,1
92.0,246.5,2.68,0.41,10.83,2
137.0,73.53,0.54,0.0,1.95,3
110.0,359.22,3.27,0.0,4.42,2
11983.0,4441.73,0.37,0.0,4.61,3
89.0,117.21,1.32,0.71,1.6,3
1316.0,636.28,0.48,0.0,4.79,3
140.0,199.88,1.43,0.0,3.1,3
258.0,2739.05,10.62,2.41,16.7,1
91.0,174.77,1.92,0.6,4.29,3
938.0,1409.06,1.5,0.0,5.1,3
71.0,107.59,1.52,0.28,3.0,2
3753.0,11306.48,3.01,0.0,6.79,2
1791.0,19685.38,10.99,0.0,22.57,1
147.0,198.33,1.35,0.0,3.32,3
1179.0,8300.29,7.04,0.0,22.11,1
445.0,578.66,1.3,1.0,1.3,3
534.0,405.66,0.76,0.19,3.55,3
94.0,171.56,1.83,0.17,4.29,3
834.0,2401.78,2.88,0.07,9.05,2
80.0,117.35,1.47,0.77,1.96,3
206.0,348.97,1.69,0.6,3.29,3
2141.0,2201.61,1.03,0.12,2.4,3
3367.0,1168.02,0.35,0.0,5.81,3
1250.0,4171.48,3.34,0.0,13.01,2
474.0,386.1,0.81,0.0,4.78,3
422.0,613.19,1.45,0.0,4.48,3
152.0,151.26,1.0,0.0,4.17,3
1745.0,1523.66,0.87,0.0,4.48,3
1685.0,802.64,0.48,0.0,5.76,3
935.0,13922.1,14.89,0.0,22.45,1
1414.0,1812.72,1.28,0.06,5.85,3
148.0,198.95,1.34,0.21,4.83,3
475.0,1614.71,3.4,0.53,5.38,2
305.0,534.97,1.75,0.41,4.05,3
206.0,125.82,0.61,0.32,0.94,3
1700.0,2019.78,1.19,0.0,9.7,2
989.0,1548.59,1.57,0.0,5.57,3
1021.0,3586.64,3.51,0.09,10.74,2
428.0,1353.72,3.16,0.28,12.56,2
1099.0,4063.01,3.7,0.0,22.67,1
150.0,511.34,3.41,0.04,6.59,2
675.0,1113.99,1.65,0.07,5.19,3
305.0,481.25,1.58,0.36,4.1,3
1013.0,2848.02,2.81,0.14,12.08,2
1428.0,5033.07,3.52,0.0,9.39,2
1075.0,4916.66,4.57,0.0,13.31,2
2502.0,857.75,0.34,0.06,1.15,3
372.0,533.31,1.43,0.0,4.5,3
906.0,14253.11,15.73,0.21,21.72,1
135.0,40.02,0.3,0.0,0.96,3
559.0,1817.79,3.25,0.28,10.16,1
270.0,393.91,1.46,0.09,5.04,3
642.0,605.12,0.94,0.0,3.85,3
960.0,9738.34,10.14,0.0,24.18,1
100.0,99.39,0.99,0.0,2.97,3
73.0,113.66,1.56,0.42,2.87,3
5335.0,2271.07,0.43,0.0,4.78,3
1398.0,7384.53,5.28,0.0,20.78,1
48.0,81.1,1.69,0.11,5.28,3
1056.0,3359.72,3.18,0.0,11.85,2
181.0,252.87,1.4,0.0,5.73,3
256.0,269.19,1.05,0.0,4.78,3
34558.0,689.56,0.02,0.0,4.35,3
515.0,215.29,0.42,0.0,3.28,3
100.0,110.27,1.1,0.0,2.6,3
1004.0,15309.73,15.25,0.82,20.03,1
485.0,878.81,1.81,0.31,5.82,3
1131.0,2090.6,1.85,0.03,10.44,2
227.0,219.4,0.97,0.0,4.07,3
699.0,1202.67,1.72,0.0,5.07,3
2169.0,8724.0,4.02,0.08,8.58,2
1468.0,4018.64,2.74,0.0,12.19,2
134.0,572.34,4.27,0.85,10.99,1
1254.0,4209.48,3.36,0.16,13.33,2
711.0,1093.7,1.54,0.06,5.56,3
762.0,3682.9,4.83,0.0,10.94,2
890.0,966.39,1.09,0.05,3.9,3
540.0,489.33,0.91,0.0,3.04,3
391.0,377.16,0.96,0.0,1.93,3
1056.0,980.8,0.93,0.0,3.57,3
854.0,909.92,1.07,0.49,1.57,3
5707.0,145933.59,25.57,0.21,40.78,4
42.0,69.56,1.66,0.26,4.97,3
261.0,3941.34,15.1,3.26,19.84,4
190.0,199.19,1.05,0.0,3.03,3
5253.0,3365.85,0.64,0.0,2.31,3
1040.0,1180.9,1.14,0.0,3.87,3
631.0,2950.32,4.68,0.0,16.72,1
223.0,303.79,1.36,0.0,3.23,3
941.0,9191.81,9.77,3.16,14.39,1
460.0,612.39,1.33,0.0,6.0,3
64.0,48.73,0.76,0.06,2.69,3
5455.0,62713.05,11.5,0.0,23.97,4
265.0,1614.36,6.09,0.0,22.25,1
1436.0,2499.85,1.74,0.0,8.18,2
1234.0,12910.61,10.46,0.0,20.89,1
158.0,227.95,1.44,0.11,5.03,3
602.0,792.59,1.32,0.0,7.83,2
486.0,1544.7,3.18,0.87,13.39,2
242.0,312.7,1.29,0.0,4.28,3
518.0,8095.58,15.63,0.0,22.73,1
2750.0,31879.88,11.59,0.0,33.62,1
40.0,94.08,2.35,0.26,12.65,4
618.0,871.17,1.41,0.34,5.52,3
2160.0,2488.98,1.15,0.0,4.7,2
86.0,224.99,2.62,1.43,1.52,3
438.0,2525.19,5.77,0.0,21.9,1
5589.0,121393.31,21.72,0.0,33.19,4
1302.0,2516.31,1.93,0.0,11.06,2
40.0,107.19,2.68,0.62,5.68,3
450.0,1536.88,3.42,0.0,12.99,2
72.0,63.28,0.88,0.06,2.34,3
4236.0,2388.83,0.56,0.0,5.34,3
73.0,117.37,1.61,0.15,2.51,3
786.0,2544.67,3.24,0.0,7.51,2
1182.0,11811.79,9.99,0.0,21.95,1
1067.0,1340.88,1.26,0.0,5.86,3
1472.0,1266.77,0.86,0.0,5.45,3
2373.0,8671.36,3.65,0.38,23.92,1
698.0,3352.33,4.8,0.04,20.45,1
6045.0,5290.21,0.88,0.07,3.16,3
1791.0,19685.38,10.99,0.0,22.57,1
2888.0,954.94,0.33,0.03,1.78,3
432.0,1663.13,3.85,0.0,9.17,2
13379.0,6382.47,0.48,0.07,1.51,3
35.0,29.7,0.85,0.23,1.81,3
2483.0,2168.58,0.87,0.0,8.57,2
18.0,3.53,0.2,0.0,0.34,3
266.0,384.17,1.44,0.06,4.11,3
41.0,43.78,1.07,0.0,3.38,3
324.0,412.7,1.27,0.13,5.58,3
1758.0,16420.42,9.34,0.02,16.8,1
830.0,1672.1,2.01,0.0,6.37,2
229.0,329.85,1.44,0.0,4.63,3
1138.0,2800.11,2.46,0.11,9.34,2
200.0,242.94,1.21,0.0,2.32,3
5738.0,443.2,0.08,0.01,3.58,3
1156.0,16684.52,14.43,0.11,22.87,1
496.0,348.26,0.7,0.0,8.08,1
1001.0,6231.35,6.23,0.0,19.69,1
146.0,218.02,1.49,0.04,4.01,3
30.0,40.02,1.33,0.17,4.78,3
63.0,43.34,0.69,0.0,2.5,3
21619.0,408793.21,18.91,0.0,32.96,4
399.0,1632.95,4.09,0.62,7.11,2
388.0,1432.75,3.69,1.16,9.71,2
102.0,131.9,1.29,0.0,5.53,3
565.0,670.41,1.19,0.0,6.58,2
6332.0,3945.8,0.62,0.0,4.22,3
724.0,2656.15,3.67,0.22,13.75,2
1154.0,6761.73,5.86,0.0,21.0,1
127.0,263.59,2.08,1.15,1.35,3
350.0,354.36,1.01,0.0,5.78,3
614.0,1180.57,1.92,0.21,5.46,3
1245.0,4192.5,3.37,0.0,9.03,2
184.0,706.31,3.84,1.07,5.81,2
274.0,338.65,1.24,0.0,3.75,3
460.0,1630.99,3.55,0.3,10.33,2
127.0,1212.11,9.54,1.08,19.81,1
282.0,352.43,1.25,0.0,4.56,3
54.0,49.21,0.91,0.0,3.77,3
824.0,3809.55,4.62,0.0,8.92,2
1999.0,273.36,0.14,0.02,1.03,3
392.0,566.35,1.44,0.12,5.88,3
454.0,422.01,0.93,0.0,5.18,3
2518.0,13280.34,5.27,0.0,42.25,1
666.0,1228.74,1.84,0.0,5.69,3
1135.0,1487.53,1.31,0.0,5.56,2
330.0,411.12,1.25,0.0,4.21,3
357.0,360.07,1.01,0.56,1.41,3
1523.0,983.9,0.65,0.0,4.48,3
1039.0,3571.84,3.44,0.0,6.97,2
2810.0,2697.8,0.96,0.04,9.75,2
380.0,600.39,1.58,0.0,4.76,3
90.0,45.98,0.51,0.0,0.85,3
3.0,68.26,22.75,0.81,10.94,4
80.0,122.14,1.53,0.07,4.74,3
663.0,992.8,1.5,1.03,2.64,3
160.0,230.46,1.44,0.31,2.3,3
1592.0,16422.87,10.32,0.0,22.41,1
2565.0,19509.07,7.61,0.0,21.38,1
626.0,1876.11,3.0,0.07,9.05,2
348.0,544.97,1.57,0.01,4.62,3
295.0,543.59,1.84,0.2,5.35,3
602.0,904.79,1.5,0.04,4.75,3
967.0,3574.68,3.7,0.3,18.25,1
760.0,3487.33,4.59,0.0,9.38,2
216.0,364.72,1.69,1.07,1.98,3
250.0,379.94,1.52,0.46,2.77,3
1456.0,2272.44,1.56,0.0,7.47,2
200.0,277.41,1.39,0.09,5.24,3
7458.0,1639.98,0.22,0.0,5.74,3
425.0,504.29,1.19,0.0,4.93,3
142.0,142.17,1.0,0.0,4.94,3
560.0,1475.64,2.64,0.07,10.89,2
730.0,1046.64,1.43,0.0,5.58,3
731.0,6458.32,8.83,0.07,22.92,1
1126.0,4954.12,4.4,0.0,23.32,1
540.0,1140.2,2.11,0.0,13.25,2
86.0,53.85,0.63,0.04,2.91,3
111.0,180.5,1.63,0.29,4.12,3
184.0,119.92,0.65,0.21,4.17,3
640.0,2120.12,3.31,0.0,12.99,2
234.0,984.83,4.21,1.14,6.66,2
2133.0,3186.06,1.49,0.0,8.5,2
428.0,577.62,1.35,0.04,3.45,3
38.0,37.85,1.0,0.17,1.93,3
845.0,1239.88,1.47,0.0,4.11,3
404.0,453.26,1.12,0.1,4.95,3
986.0,1026.61,1.04,0.04,3.51,3
1036.0,1606.65,1.55,0.75,1.8,3
959.0,6801.46,7.09,0.32,17.1,1
1003.0,3133.47,3.12,0.32,8.31,2
86.0,124.02,1.44,0.26,2.79,3
338.0,355.45,1.05,0.07,5.67,3
553.0,472.15,0.85,0.27,1.26,3
1308.0,3161.61,2.42,0.0,10.33,2
3557.0,113814.23,32.0,0.0,82.87,4
1848.0,18904.83,10.23,0.0,23.22,1
481.0,602.81,1.25,0.0,5.03,3
2095.0,1232.12,0.59,0.25,1.38,3
1410.0,17469.29,12.39,0.0,21.62,1
374.0,2826.9,7.56,0.04,19.97,1
6290.0,1798.95,0.29,0.01,3.08,3
541.0,615.18,1.14,0.0,5.09,3
334.0,1064.47,3.19,0.14,7.61,2
1737.0,4163.59,2.4,0.0,19.44,1
480.0,2157.94,4.5,0.0,18.28,1
295.0,313.73,1.06,0.0,2.68,3
2972.0,2157.78,0.73,0.0,7.98,2
1134.0,3871.74,3.41,0.26,7.54,2
36.0,51.66,1.44,0.37,2.57,3
148.0,207.41,1.4,0.1,3.2,3
510.0,510.43,1.0,0.0,5.75,3
1619.0,3485.02,2.15,0.0,18.98,1
332.0,499.94,1.51,0.19,5.09,3
299.0,364.25,1.22,0.04,5.33,3
217.0,280.52,1.29,0.0,2.87,3
34969.0,757.92,0.02,0.0,4.81,3
62.0,112.92,1.82,0.46,5.65,3
270.0,75.01,0.28,0.0,1.98,3
778.0,1973.41,2.54,0.0,8.15,2
888.0,2309.85,2.6,0.14,12.12,2
1121.0,2661.22,2.37,0.18,4.4,2
92.0,286.47,3.11,1.48,5.14,3
624.0,913.06,1.46,0.82,2.4,3
701.0,2223.23,3.17,0.15,6.17,2
165.0,197.9,1.2,0.0,5.92,3
80.0,162.1,2.03,0.52,4.02,3
564.0,4082.87,7.24,0.0,14.35,1
780.0,1109.72,1.42,0.07,5.2,3
424.0,690.45,1.63,0.1,5.96,3
331.0,535.22,1.62,0.32,4.42,3
180.0,187.23,1.04,0.21,4.44,3
645.0,976.08,1.51,0.09,5.94,3
160.0,305.85,1.91,0.34,4.11,3
146.0,161.86,1.11,0.45,1.86,3
1527.0,4518.34,2.96,0.0,12.69,2
259.0,39.58,0.15,0.0,1.86,3
266.0,384.17,1.44,0.06,4.11,3
439.0,3845.16,8.76,1.4,18.29,4
266.0,191.38,0.72,0.04,5.28,3
2394.0,16918.51,7.07,0.0,20.8,1
2092.0,4119.69,1.97,0.0,18.2,1
500.0,791.9,1.58,0.2,4.87,3
808.0,1629.19,2.02,0.19,3.44,2
1498.0,5327.67,3.56,0.0,40.67,1
1763.0,111944.39,63.5,3.62,84.18,4
114.0,96.35,0.85,0.04,2.85,3
629.0,3596.81,5.72,0.84,33.87,1
250.0,329.32,1.32,0.0,3.42,3
7411.0,500.7,0.07,0.0,3.33,3
329.0,1059.86,3.22,0.02,13.42,2
685.0,1218.51,1.78,0.0,7.85,2
48.0,78.59,1.64,0.99,1.95,3
303.0,284.76,0.94,0.0,5.63,3
1150.0,11740.51,10.21,0.0,23.68,1
1020.0,3808.4,3.73,0.0,6.78,2
110.0,101.64,0.92,0.04,4.07,3
60.0,43.46,0.72,0.0,1.44,3
1738.0,111822.35,64.34,4.97,83.26,4
305.0,1021.41,3.35,1.08,5.36,2
404.0,385.31,0.95,0.0,4.88,3
598.0,389.83,0.65,0.0,5.37,3
1203.0,115.12,0.1,0.0,1.76,3
578.0,2684.09,4.64,1.97,5.12,2
8043.0,2528.82,0.31,0.0,13.35,2
457.0,1504.93,3.29,0.0,6.47,2
500.0,3785.88,7.57,0.0,18.12,1
5420.0,2613.62,0.48,0.0,3.84,3
462.0,1012.45,2.19,0.0,11.38,2
618.0,310.42,0.5,0.0,3.52,3
626.0,868.41,1.39,0.22,3.51,3
893.0,4248.68,4.76,0.0,8.92,2
2982.0,3183.18,1.07,0.0,7.88,2
42.0,160.52,3.82,1.07,1.27,3
216.0,603.01,2.79,0.32,3.97,2
1972.0,2153.62,1.09,0.0,3.89,3
2078.0,14902.84,7.17,0.0,21.04,1
157.0,54.04,0.34,0.15,0.39,3
197.0,1344.96,6.83,1.79,15.26,1
1510.0,16595.48,10.99,0.0,22.16,1
3131.0,3123.69,1.0,0.0,6.28,2
214.0,248.27,1.16,0.43,4.25,3
872.0,2646.52,3.03,0.0,13.73,2
354.0,372.01,1.05,0.0,4.2,3
1046.0,2098.84,2.01,0.0,10.1,2
37.0,21.95,0.59,0.0,1.24,3
138.0,1786.29,12.94,2.73,12.74,1
834.0,2579.18,3.09,0.0,9.3,2
2150.0,4586.34,2.13,0.0,13.26,2
296.0,1427.26,4.82,0.0,12.95,2
2750.0,31879.88,11.59,0.0,33.62,1
1276.0,512.46,0.4,0.0,5.13,3
941.0,2576.55,2.74,0.0,14.15,1
120.0,227.07,1.89,0.69,5.37,3
374.0,2335.31,6.24,0.94,14.78,1
1751.0,111873.45,63.89,2.97,84.5,4
1425.0,4204.39,2.95,0.0,8.4,2
1953.0,17381.09,8.9,0.27,18.37,1
69.0,165.92,2.4,1.15,1.3,3
2450.0,1268.35,0.52,0.0,5.98,3
62.0,39.35,0.63,0.0,3.57,3
1005.0,112.97,0.11,0.02,2.75,3
142.0,159.81,1.13,0.0,2.75,3
207.0,284.41,1.37,0.0,3.72,3
344.0,376.32,1.09,0.07,4.57,3
3628.0,11167.72,3.08,1.43,4.0,2
590.0,1176.86,1.99,0.17,5.21,2
145.0,177.27,1.22,0.34,1.76,3
106.0,202.09,1.91,0.34,4.71,3
1250.0,4972.98,3.98,0.04,10.5,2
132.0,215.86,1.64,0.56,3.05,3
360.0,979.4,2.72,0.17,7.27,2
726.0,9088.03,12.52,0.0,29.92,1
216.0,263.02,1.22,0.06,3.32,3
5072.0,4168.71,0.82,0.13,2.96,3
43453.0,33620.92,0.77,0.0,37.63,1
1066.0,12409.91,11.64,0.36,17.1,1
1772.0,111966.98,63.19,8.16,83.88,4
278.0,556.93,2.0,0.0,4.69,3
230.0,135.27,0.59,0.0,4.76,3
280.0,2135.89,7.63,0.0,17.77,4
414.0,892.67,2.16,0.2,4.24,2
427.0,2297.28,5.38,0.22,21.34,1
748.0,1130.56,1.51,0.04,4.63,3
1552.0,19628.85,12.65,0.02,35.48,1
893.0,4132.14,4.63,0.0,13.94,2
58.0,47.64,0.82,0.04,3.22,3
942.0,3359.41,3.57,0.0,13.04,2
444.0,676.4,1.52,0.19,3.91,3
654.0,1161.35,1.78,0.06,7.97,2
100.0,138.14,1.38,0.97,1.62,3
1430.0,3887.86,2.72,0.0,8.66,2
321.0,58.49,0.18,0.01,4.56,3
883.0,1961.24,2.22,0.0,13.03,2
454.0,954.18,2.1,0.32,6.43,2
1396.0,2700.95,1.93,0.0,11.83,2
35636.0,568.21,0.02,0.0,2.9,3
347.0,283.66,0.82,0.0,2.22,3
70.0,91.38,1.31,0.19,3.45,3
1851.0,15349.93,8.29,0.24,21.4,1
742.0,126.43,0.17,0.03,2.15,3
833.0,989.87,1.19,0.17,3.89,3
62.0,126.44,2.04,0.97,1.07,3
370.0,421.75,1.14,0.0,3.55,3
722.0,1852.47,2.57,0.0,6.98,2
125.0,778.62,6.23,2.48,14.8,1
515.0,800.67,1.55,0.28,10.31,2
2227.0,83730.2,37.6,0.12,42.76,4
833.0,10897.48,13.08,0.0,20.74,1
278.0,4626.26,16.64,4.62,28.01,1
54.0,105.26,1.95,1.33,2.17,3
742.0,691.17,0.93,0.51,1.27,3
456.0,510.33,1.12,0.04,3.11,3
240.0,379.26,1.58,0.0,4.14,3
1098.0,3271.88,2.98,0.0,13.26,2
2412.0,15383.29,6.38,0.04,21.61,1
11601.0,4189.2,0.36,0.0,5.84,3
598.0,830.3,1.39,0.04,5.34,3
132.0,192.33,1.46,0.26,4.11,3
474.0,6688.9,14.11,2.28,21.65,1
806.0,638.59,0.79,0.0,4.26,3
9000.0,4945.65,0.55,0.0,3.61,3
1760.0,111981.51,63.63,4.98,84.3,4
151.0,239.68,1.59,0.25,23.51,4
1823.0,3155.74,1.73,0.0,8.24,2
656.0,770.78,1.17,0.04,4.64,3
1336.0,16732.6,12.52,0.0,23.06,1
878.0,2503.66,2.85,0.0,10.57,2
207.0,317.32,1.53,0.48,4.92,3
198.0,197.55,1.0,0.0,3.25,3
1050.0,1116.67,1.06,0.0,4.9,3
271.0,305.06,1.13,0.0,3.21,3
565.0,606.81,1.07,0.0,2.89,3
720.0,4624.57,6.42,0.0,23.5,1
645.0,685.36,1.06,0.0,5.42,3
64.0,106.76,1.67,0.11,5.35,3
152.0,226.14,1.49,0.04,10.07,2
1274.0,16746.21,13.14,0.0,21.27,1
136.0,173.78,1.28,0.07,2.72,3
433.0,726.6,1.68,1.35,3.22,3
712.0,1963.03,2.76,0.0,13.91,2
347.0,622.45,1.79,0.58,18.47,4
2375.0,1942.51,0.82,0.0,3.42,3
576.0,1412.34,2.45,0.32,10.26,2
326.0,825.61,2.53,1.75,3.24,2
20.0,22.69,1.13,0.49,1.48,3
111.0,180.5,1.63,0.29,4.12,3
1051.0,1381.58,1.31,0.0,2.86,3
1327.0,3291.17,2.48,0.0,10.01,2
868.0,1158.47,1.33,0.0,8.56,2
1274.0,1288.48,1.01,0.0,4.49,3
6.0,6.84,1.14,0.37,1.86,3
854.0,2631.81,3.08,0.0,7.31,2
1417.0,606.11,0.43,0.11,0.8,3
1031.0,1218.68,1.18,0.75,1.62,3
560.0,2153.69,3.85,0.0,7.87,2
242.0,260.4,1.08,0.0,2.54,3
352.0,483.84,1.37,0.17,5.94,3
1014.0,980.09,0.97,0.46,4.18,3
834.0,47.47,0.06,0.03,3.57,3
1248.0,1159.53,0.93,0.0,3.86,3
482.0,312.17,0.65,0.0,3.84,3
380.0,781.4,2.06,0.0,5.72,3
2162.0,113456.79,52.48,0.33,82.75,4
136.0,222.9,1.64,0.57,3.72,3
2442.0,4474.4,1.83,0.0,8.48,2
796.0,2254.32,2.83,0.04,13.25,2
546.0,2097.98,3.84,0.22,9.52,2
942.0,3083.15,3.27,0.0,9.52,2
1197.0,10629.87,8.88,0.0,20.94,1
690.0,681.37,0.99,0.0,4.76,3
146.0,145.37,1.0,0.0,2.97,3
62.0,112.92,1.82,0.46,5.65,3
2404.0,39079.95,16.26,0.55,33.19,4
190.0,2247.8,11.83,5.01,12.32,1
229.0,372.56,1.63,0.0,4.36,3
148.0,309.37,2.09,1.15,1.93,3
283.0,1102.88,3.9,1.36,5.94,2
638.0,1294.29,2.03,0.0,11.01,2
720.0,8352.82,11.6,0.0,20.88,1
251.0,339.61,1.35,0.02,4.29,3
755.0,847.7,1.12,0.31,1.93,3
777.0,5113.54,6.58,0.0,21.37,1
1050.0,4254.88,4.05,0.0,13.01,2
894.0,2255.05,2.52,0.0,7.0,2
191.0,178.08,0.93,0.24,0.76,3
3625.0,77337.59,21.33,0.62,63.85,4
2372.0,1911.3,0.81,0.0,4.07,3
2567.0,3836.39,1.49,0.0,9.19,2
246.0,2646.16,10.76,4.74,16.31,1
487.0,1938.82,3.98,0.23,10.79,2
34712.0,627.3,0.02,0.0,5.7,3
70.0,169.7,2.42,1.07,1.5,3
1230.0,14040.37,11.41,0.0,21.37,1
1225.0,9213.13,7.52,0.0,17.94,1
958.0,3254.15,3.4,0.0,12.79,2
860.0,3192.7,3.71,0.14,12.48,2
55.0,71.98,1.31,0.0,2.77,3
372.0,495.65,1.33,0.04,5.99,3
824.0,3809.55,4.62,0.0,8.92,2
551.0,779.92,1.42,0.0,5.04,3
586.0,146.09,0.25,0.0,1.59,3
191.0,248.73,1.3,0.4,1.56,3
2904.0,1368.93,0.47,0.0,5.78,3
888.0,2557.82,2.88,0.04,7.95,2
86.0,146.56,1.7,0.28,4.05,3
1035.0,11491.32,11.1,0.0,23.2,1
332.0,1113.79,3.35,2.11,5.06,2
448.0,399.96,0.89,0.0,2.72,3
100.0,132.22,1.32,0.4,1.84,3
1288.0,8701.02,6.76,0.0,20.66,1
61.0,874.82,14.34,2.11,20.39,1
733.0,8389.39,11.45,0.0,23.74,1
764.0,2693.62,3.53,0.0,11.55,2
1566.0,16616.2,10.61,0.0,22.26,1
76.0,52.98,0.7,0.06,1.55,3
186.0,291.03,1.56,0.0,5.11,3
21.0,25.71,1.22,0.0,2.47,3
160.0,186.53,1.17,0.0,2.8,3
1764.0,111868.4,63.42,4.59,84.67,4
896.0,14262.09,15.92,0.07,21.25,1
27.0,22.35,0.83,0.0,1.31,3
1042.0,4145.55,3.98,0.0,11.27,2
1390.0,16888.1,12.15,0.27,23.61,1
39.0,57.79,1.48,0.89,2.17,3
405.0,1553.23,3.84,1.25,10.67,2
420.0,511.72,1.22,0.32,2.44,3
989.0,10624.68,10.74,0.44,23.79,1
440.0,2581.01,5.87,0.0,15.68,1
685.0,4985.08,7.28,0.0,16.44,1
140.0,106.27,0.76,0.0,1.78,3
175.0,274.78,1.57,0.69,2.76,3
515.0,528.06,1.03,0.29,2.23,3
75.0,68.65,0.92,0.0,1.7,3
3453.0,4727.67,1.37,0.0,13.58,2
395.0,3506.93,8.88,0.0,16.1,1
43.0,68.26,1.59,0.56,2.37,3
56.0,73.03,1.3,0.74,2.22,3
1001.0,10565.14,10.55,0.0,21.05,1
186.0,186.29,1.0,0.0,4.0,3
592.0,1068.86,1.81,0.28,8.44,2
1877.0,2383.49,1.27,0.0,3.38,3
299.0,364.25,1.22,0.04,5.33,3
1751.0,16435.79,9.39,0.49,22.74,1
808.0,2979.91,3.69,0.24,9.58,2
760.0,1919.69,2.53,0.0,9.46,2
144.0,163.77,1.14,0.0,5.64,2
1071.0,4234.16,3.95,0.0,12.54,2
2085.0,46.93,0.02,0.01,3.17,3
734.0,1021.46,1.39,0.09,5.11,3
1003.0,8327.25,8.3,0.0,18.16,1
153.0,105.14,0.69,0.0,5.63,3
234.0,98.95,0.42,0.0,5.7,3
760.0,1914.62,2.52,0.0,12.57,1
13.0,8.67,0.67,0.0,1.16,3
566.0,5027.65,8.88,0.0,24.65,1
70.0,126.22,1.8,0.54,2.89,3
632.0,2184.33,3.46,1.02,10.11,2
2360.0,100.53,0.04,0.0,2.72,3
333.0,497.29,1.49,0.0,4.04,3
1776.0,4745.01,2.67,0.0,10.22,2
272.0,340.54,1.25,0.0,5.4,3
1764.0,2651.08,1.5,0.05,6.07,2
1293.0,3590.36,2.78,0.0,17.87,1
68.0,97.6,1.44,0.44,2.4,3
11354.0,43770.48,3.86,0.27,13.48,2
333.0,366.39,1.1,0.83,1.27,3
1917.0,112279.96,58.57,0.41,82.56,4
1130.0,4106.03,3.63,0.77,9.32,2
155.0,106.21,0.69,0.0,4.63,3
851.0,1292.07,1.52,0.0,5.25,3
374.0,5426.84,14.51,0.18,20.5,1
582.0,1819.48,3.13,0.38,6.99,2
401.0,484.03,1.21,0.0,5.66,3
811.0,4630.63,5.71,0.41,15.7,1
3525.0,18993.49,5.39,0.0,33.7,4
262.0,274.58,1.05,0.0,3.82,3
828.0,813.36,0.98,0.11,3.06,3
14541.0,277827.94,19.11,0.0,49.44,4
290.0,625.08,2.16,0.0,5.72,3
111.0,211.47,1.91,0.49,5.61,3
171.0,246.85,1.44,0.04,4.39,3
359.0,757.14,2.11,0.51,10.43,2
3295.0,1071.27,0.33,0.01,5.45,3
205.0,190.04,0.93,0.0,2.6,3
685.0,695.77,1.02,0.0,4.89,3
1300.0,2008.9,1.55,0.0,12.72,2
994.0,565.57,0.57,0.0,1.83,3
82.0,114.47,1.4,0.73,3.3,3
8241.0,18489.74,2.24,0.01,19.61,1
298.0,2796.72,9.38,0.0,18.29,1
78.0,69.14,0.89,0.0,2.23,3
780.0,1084.18,1.39,0.0,4.15,3
6.0,34.52,5.75,2.73,5.95,3
212.0,251.96,1.19,0.0,5.71,3
889.0,3412.57,3.84,0.15,8.42,2
30.0,30.44,1.01,0.48,1.95,3
224.0,82.66,0.37,0.04,1.88,3
1034.0,9037.07,8.74,0.0,23.13,1
290.0,1493.44,5.15,0.09,24.32,1
2229.0,1410.09,0.63,0.0,10.24,2
1386.0,16008.77,11.55,0.59,16.29,1
278.0,374.11,1.35,0.0,5.33,3
803.0,4167.02,5.19,0.78,12.02,2
177.0,222.72,1.26,0.63,1.16,3
189.0,422.39,2.23,0.09,5.86,3
132.0,261.44,1.98,1.18,1.33,3
355.0,946.49,2.67,0.38,4.58,3
64.0,141.4,2.21,0.34,4.95,3
605.0,248.34,0.41,0.04,3.17,3
840.0,2673.34,3.18,0.07,10.03,2
2820.0,7689.36,2.73,0.0,12.42,2
75.0,262.24,3.5,0.75,3.24,2
731.0,871.74,1.19,0.77,1.47,3
282.0,384.31,1.36,0.96,1.27,3
2647.0,5531.71,2.09,0.0,11.14,2
245.0,326.89,1.33,0.0,3.9,3
471.0,523.98,1.11,0.34,2.13,3
628.0,1801.66,2.87,0.0,13.15,2
214.0,835.57,3.9,1.92,5.18,2
2691.0,3471.65,1.29,0.0,10.71,2
224.0,259.57,1.16,0.49,1.07,3
418.0,1712.17,4.1,0.37,25.14,1
776.0,1391.86,1.79,0.0,13.42,2
268.0,384.31,1.43,0.0,5.77,3
580.0,1925.59,3.32,0.77,6.04,2
552.0,715.53,1.3,0.0,4.26,3
85.0,93.58,1.1,0.45,4.82,3
144.0,89.4,0.62,0.0,3.95,3
524.0,1212.25,2.31,0.07,12.06,2
605.0,2379.71,3.93,0.0,9.96,2
1106.0,7865.37,7.11,0.22,15.78,1
66.0,69.62,1.05,0.09,2.47,3
523.0,752.4,1.44,1.05,1.72,3
984.0,3533.99,3.59,0.0,7.95,2
2238.0,6568.53,2.93,0.0,16.01,1
232.0,276.04,1.19,0.82,1.36,3
1762.0,111929.93,63.52,4.97,84.42,4
891.0,1269.87,1.43,0.0,10.88,1
4465.0,8002.85,1.79,0.29,4.69,2
2132.0,12645.82,5.93,0.0,24.82,1
733.0,267.24,0.36,0.05,4.09,3
1646.0,5461.41,3.32,0.0,9.82,2
237.0,360.95,1.52,0.43,4.07,3
715.0,2366.86,3.31,0.0,8.75,2
132.0,311.63,2.36,0.51,7.28,2
1755.0,111958.13,63.79,10.84,83.97,4
342.0,601.04,1.76,0.06,5.53,3
384.0,278.53,0.73,0.34,0.99,3
3828.0,62607.38,16.36,0.0,31.92,4
1716.0,2038.46,1.19,0.0,13.23,2
90.0,104.74,1.16,0.0,5.09,3
724.0,825.01,1.14,0.07,5.08,3
2232.0,16114.99,7.22,0.0,22.21,1
352.0,483.84,1.37,0.17,5.94,3
810.0,2849.88,3.52,1.44,6.38,2
377.0,3908.87,10.37,0.95,16.09,4
38.0,75.63,1.99,0.45,4.18,3
448.0,797.09,1.78,0.24,5.35,3
595.0,2072.05,3.48,0.0,11.22,2
976.0,9156.56,9.38,1.04,15.48,1
230.0,212.01,0.92,0.0,2.14,3
1134.0,812.72,0.72,0.0,4.39,3
86.0,124.89,1.45,0.55,2.26,3
445.0,1539.81,3.46,1.43,5.03,2
491.0,262.47,0.53,0.0,4.16,3
134.0,188.8,1.41,0.0,2.31,3
1251.0,5771.68,4.61,0.0,9.03,2
180.0,192.87,1.07,0.0,5.13,3
4922.0,1019.31,0.21,0.0,4.5,3
798.0,1733.07,2.17,0.04,12.89,2
1000.0,7999.27,8.0,0.3,15.33,1
2134.0,1277.78,0.6,0.14,1.55,3
155.0,158.15,1.02,0.0,5.45,3
380.0,4972.95,13.09,0.0,19.5,1
1716.0,2374.22,1.38,0.51,3.59,3
1480.0,105480.12,71.27,8.52,84.2,4
3484.0,4821.54,1.38,0.0,10.3,2
88.0,109.49,1.24,0.0,1.9,3
706.0,1342.03,1.9,0.08,13.58,2
714.0,2246.63,3.15,0.09,13.17,2
1210.0,14388.79,11.89,0.0,22.19,1
1042.0,4145.55,3.98,0.0,11.27,2
126.0,180.9,1.44,0.67,1.7,3
425.0,548.24,1.29,0.0,2.9,3
2374.0,6129.7,2.58,0.04,8.19,2
1444.0,4880.9,3.38,0.0,12.1,2
113.0,127.13,1.13,0.0,3.45,3
115.0,158.81,1.38,0.52,5.44,3
106.0,186.42,1.76,0.18,5.9,3
185.0,271.4,1.47,0.0,3.66,3
4604.0,1435.79,0.31,0.04,1.75,3
502.0,740.77,1.48,0.0,5.03,3
355.0,431.08,1.21,0.0,4.78,3
1077.0,4243.79,3.94,0.0,11.12,2
896.0,2825.11,3.15,0.06,10.54,2
248.0,2486.38,10.03,0.04,16.08,1
395.0,525.28,1.33,0.0,3.33,3
63.0,60.02,0.95,0.27,0.66,3
1855.0,17336.16,9.35,0.0,20.84,1
1072.0,2614.65,2.44,0.0,10.12,2
254.0,470.83,1.85,1.51,2.78,3
406.0,528.22,1.3,0.0,4.59,3
580.0,824.39,1.42,0.19,3.61,3
690.0,9646.73,13.98,0.0,33.78,1
387.0,182.51,0.47,0.26,0.61,3
102.0,107.3,1.05,0.07,3.87,3
150.0,332.19,2.21,0.21,4.68,2
96.0,83.61,0.87,0.0,2.36,3
142.0,159.14,1.12,0.85,1.37,3
8.0,15.75,1.97,0.39,5.36,3
4153.0,16060.2,3.87,0.0,23.28,1
636.0,2157.77,3.39,0.04,8.18,2
1412.0,18483.27,13.09,0.0,22.2,1
91.0,77.39,0.85,0.29,1.52,3
270.0,340.73,1.26,0.04,3.71,3
235.0,142.11,0.6,0.29,0.83,3
1322.0,753.96,0.57,0.37,5.28,3
188.0,496.06,2.64,0.04,4.39,2
331.0,869.96,2.63,0.07,10.66,2
1278.0,2653.61,2.08,0.0,11.16,2
325.0,153.11,0.47,0.0,3.53,3
996.0,4024.08,4.04,0.0,8.94,2
194.0,111.9,0.58,0.04,3.56,3
1184.0,3294.37,2.78,0.0,13.34,2
92.0,48.66,0.53,0.07,2.27,3
3714.0,998.2,0.27,0.0,3.39,3
10431.0,420315.76,40.29,0.0,69.44,4
471.0,603.55,1.28,0.0,4.48,3
436.0,347.47,0.8,0.0,4.39,3
870.0,1054.22,1.21,0.06,5.14,3
343.0,536.5,1.56,0.62,4.06,3
224.0,251.17,1.12,0.0,2.22,3
880.0,1039.52,1.18,0.0,4.44,3
866.0,3432.32,3.96,0.0,15.72,1
885.0,322.57,0.36,0.03,2.38,3
404.0,596.36,1.48,0.1,5.29,3
170.0,253.83,1.49,0.43,2.95,3
200.0,221.03,1.11,0.0,3.45,3
37723.0,6064.13,0.16,0.04,4.96,2
479.0,687.87,1.44,0.73,3.63,3
868.0,2692.79,3.1,0.0,8.42,2
1632.0,4124.08,2.53,0.04,9.51,2
768.0,976.62,1.27,0.26,4.49,3
252.0,775.68,3.08,1.31,4.46,2
304.0,455.12,1.5,0.05,3.92,3
111.0,117.78,1.06,0.29,4.91,3
2409.0,14678.93,6.09,0.26,38.16,1
380.0,2763.34,7.27,0.0,15.89,1
488.0,1539.28,3.15,0.31,11.4,1
1252.0,3502.49,2.8,0.0,11.04,2
494.0,754.94,1.53,0.0,4.36,3
37298.0,11532.94,0.31,0.18,3.15,3
1570.0,4690.36,2.99,0.0,11.88,2
22.0,6.56,0.3,0.0,0.54,3
130.0,120.26,0.93,0.52,0.65,3
47585.0,1136923.22,23.89,0.0,70.96,4
76.0,42.86,0.56,0.19,4.0,3
1106.0,1246.61,1.13,0.0,3.51,3
1119.0,898.27,0.8,0.1,1.48,3
176.0,518.48,2.95,0.0,7.29,2
854.0,2875.07,3.37,0.0,7.6,2
558.0,857.29,1.54,0.06,5.49,3
185.0,234.23,1.27,0.0,4.1,3
500.0,685.24,1.37,0.0,5.27,3
6332.0,3945.8,0.62,0.0,4.22,3
812.0,842.85,1.04,0.0,3.31,3
370.0,5663.98,15.31,4.16,24.01,1
500.0,543.26,1.09,0.0,2.56,3
45.0,48.37,1.07,0.22,2.19,3
300.0,163.94,0.55,0.0,3.61,3
110.0,131.18,1.19,0.07,2.81,3
1200.0,3236.81,2.7,0.11,8.76,2
437.0,436.67,1.0,0.17,4.69,3
228.0,245.88,1.08,0.0,5.35,3
44.0,69.23,1.57,0.65,3.67,3
462.0,1237.05,2.68,0.12,8.57,2
1354.0,4416.01,3.26,0.04,9.44,2
1739.0,111746.35,64.26,3.89,84.38,4
875.0,2359.27,2.7,0.17,11.57,2
2673.0,2454.56,0.92,0.16,1.62,3
988.0,14476.82,14.65,0.0,22.8,1
440.0,1431.35,3.25,0.0,5.48,2
124.0,173.48,1.4,0.06,5.28,3
932.0,3969.35,4.26,0.0,12.8,2
375.0,516.62,1.38,0.0,5.84,3
242.0,534.79,2.21,0.06,4.18,3
203.0,336.3,1.66,0.56,3.45,3
1116.0,9403.6,8.43,0.26,15.26,1
566.0,2151.01,3.8,0.0,11.29,2
195.0,239.92,1.23,0.2,2.21,3
4256.0,17438.73,4.1,0.0,17.69,1
215.0,82.36,0.38,0.17,0.96,3
340.0,415.36,1.22,0.0,4.37,3
1252.0,2211.3,1.77,0.4,16.71,4
314.0,609.71,1.94,0.02,11.76,2
854.0,2875.07,3.37,0.0,7.6,2
319.0,3955.77,12.4,3.16,18.42,1
538.0,1667.93,3.1,0.06,10.52,2
413.0,687.23,1.66,0.0,5.74,3
356.0,536.97,1.51,0.19,5.41,3
606.0,2072.37,3.42,0.0,7.37,2
734.0,2306.05,3.14,0.85,4.81,2
46.0,145.18,3.16,1.32,1.35,3
643.0,2301.27,3.58,0.69,21.53,4
205.0,184.67,0.9,0.0,3.83,3
39.0,48.73,1.25,0.64,5.95,3
2095.0,2391.42,1.14,0.03,4.37,3
1054.0,3044.72,2.89,0.0,8.39,2
201.0,1068.01,5.31,0.19,12.46,1
265.0,377.38,1.42,0.0,4.58,3
214.0,171.03,0.8,0.07,3.56,3
2538.0,3036.05,1.2,0.0,8.54,2
22.0,38.88,1.77,0.86,1.11,3
1095.0,1039.98,0.95,0.0,4.77,3
1833.0,111920.49,61.06,7.16,79.82,4
80.0,146.38,1.83,0.3,3.45,3
375.0,847.92,2.26,0.0,5.79,2
266.0,970.23,3.65,0.97,5.11,2
109.0,222.26,2.04,1.09,1.3,3
73.0,114.35,1.57,0.26,3.68,3
104.0,378.56,3.64,0.31,6.67,2
823.0,4121.7,5.01,0.0,17.32,1
725.0,937.34,1.29,0.97,1.74,3
490.0,432.98,0.88,0.15,3.63,3
829.0,1286.09,1.55,0.0,5.76,3
1024.0,3619.2,3.53,0.0,13.8,2
385.0,536.05,1.39,0.0,4.93,3
339.0,280.82,0.83,0.26,3.09,3
170.0,86.27,0.51,0.0,2.81,3
9314.0,24822.34,2.67,0.0,11.92,2
475.0,722.46,1.52,1.13,1.82,3
725.0,7996.69,11.03,0.96,51.92,4
378.0,492.65,1.3,0.0,2.86,3
380.0,556.11,1.46,0.14,4.49,3
108.0,131.59,1.22,0.26,1.89,3
828.0,2552.36,3.08,0.11,9.47,2
2806.0,19593.65,6.98,0.0,12.96,2
425.0,5.64,0.01,0.0,0.06,3
1533.0,4014.39,2.62,0.0,17.55,1
1808.0,112008.39,61.95,8.09,81.61,4
1374.0,2808.71,2.04,0.0,10.95,2
220.0,240.99,1.1,0.0,5.68,3
1214.0,2656.79,2.19,0.06,4.9,2
490.0,670.66,1.37,0.0,4.99,3
1048.0,3293.89,3.14,0.0,9.14,2
459.0,805.28,1.75,0.0,5.67,3
530.0,667.37,1.26,0.0,3.09,3
1212.0,1339.46,1.11,0.0,3.63,3
595.0,1325.43,2.23,0.0,5.21,2
1066.0,3127.36,2.93,0.0,12.67,2
5593.0,5289.22,0.95,0.03,5.55,3
1766.0,111858.11,63.34,6.67,84.0,4
93.0,10.01,0.11,0.0,0.23,3
118.0,135.19,1.15,0.13,5.85,3
11218.0,188925.92,16.84,0.07,40.22,4
3131.0,3097.63,0.99,0.0,4.56,2
735.0,1158.36,1.58,0.0,5.84,3
125.0,169.44,1.36,0.34,2.34,3
1506.0,3742.48,2.49,0.0,17.43,1
65.0,151.08,2.32,1.23,3.73,3
30.0,40.02,1.33,0.17,4.78,3
1631.0,4156.77,2.55,0.0,22.64,1
731.0,2446.47,3.35,0.0,10.99,2
806.0,1840.7,2.28,0.0,17.83,1
475.0,491.5,1.03,0.18,1.31,3
970.0,3187.13,3.29,0.65,6.57,2
990.0,14243.8,14.39,0.06,20.78,1
228.0,914.91,4.01,1.41,6.22,2
462.0,367.02,0.79,0.0,3.76,3
255.0,630.04,2.47,0.02,6.5,2
225.0,295.62,1.31,0.0,3.86,3
417.0,1682.82,4.04,1.0,11.52,2
120.0,93.8,0.78,0.21,0.78,3
760.0,1104.35,1.45,0.06,5.37,3
912.0,2967.87,3.25,0.0,8.53,2
14.0,36.6,2.61,1.0,3.33,3
939.0,2421.3,2.58,0.3,4.37,2
834.0,3061.55,3.67,0.0,10.98,2
56.0,208.8,3.73,1.75,7.58,2
564.0,1720.08,3.05,0.73,6.08,2
1594.0,451.29,0.28,0.0,4.1,3
70.0,43.29,0.62,0.0,1.71,1
1213.0,4126.07,3.4,0.0,5.62,2
531.0,2978.39,5.61,0.11,19.48,1
202.0,468.22,2.32,0.28,5.51,3
5389.0,5276.63,0.98,0.05,1.54,3
115.0,159.83,1.39,0.27,2.6,3
83.0,93.21,1.12,0.36,2.63,3
40.0,54.3,1.36,0.4,2.43,3
978.0,389.45,0.4,0.0,5.06,3
1226.0,2786.33,2.27,0.0,12.37,2
1048.0,3493.35,3.33,0.0,11.84,2
1922.0,1309.93,0.68,0.0,4.45,3
62.0,46.96,0.76,0.0,2.5,3
777.0,2104.54,2.71,0.0,10.67,2
90.0,106.22,1.18,0.0,5.6,3
508.0,1271.57,2.5,0.11,4.93,2
1311.0,7368.57,5.62,0.0,31.67,1
1259.0,4158.32,3.3,0.0,19.24,1
12.0,33.23,2.77,1.59,3.06,3
558.0,263.05,0.47,0.14,2.03,3
27.0,42.1,1.56,0.63,3.28,3
215.0,355.21,1.65,0.0,4.01,3
3332.0,39329.87,11.8,0.0,26.59,1
696.0,729.59,1.05,0.75,1.32,3
100.0,115.48,1.15,0.3,2.77,3
1532.0,4680.32,3.06,0.04,11.58,2
870.0,1054.22,1.21,0.06,5.14,3
46.0,31.39,0.68,0.14,1.17,3
4416.0,9076.02,2.06,0.0,10.61,2
684.0,7456.69,10.9,0.0,19.03,1
48.0,72.62,1.51,0.0,3.37,3
880.0,2497.34,2.84,0.43,16.22,1
775.0,989.16,1.28,0.0,5.09,3
408.0,535.91,1.31,0.0,4.42,3
811.0,3664.52,4.52,0.0,20.55,1
2735.0,791.96,0.29,0.0,4.16,3
41426.0,4571.04,0.11,0.0,4.14,2
1316.0,636.28,0.48,0.0,4.79,3
375.0,847.92,2.26,0.0,5.79,2
201.0,927.35,4.61,2.8,9.28,2
275.0,320.53,1.17,0.0,2.96,3
5980.0,2432.18,0.41,0.0,5.82,3
447.0,607.18,1.36,0.0,3.69,3
33.0,54.73,1.66,0.74,2.79,3
59.0,126.79,2.15,0.65,4.63,3
44693.0,7071.25,0.16,0.01,5.05,2
95.0,187.23,1.97,1.0,4.31,3
745.0,416.41,0.56,0.0,5.28,3
1675.0,4046.98,2.42,0.0,10.7,2
240.0,286.73,1.19,0.0,3.93,3
686.0,2127.2,3.1,0.04,8.88,2
125.0,307.92,2.46,0.0,4.07,2
822.0,3878.42,4.72,1.05,5.18,2
595.0,2072.05,3.48,0.0,11.22,2
358.0,369.35,1.03,0.0,3.67,3
356.0,494.47,1.39,0.04,4.92,3
1196.0,3402.21,2.84,0.0,9.69,2
1975.0,111083.7,56.24,0.3,82.82,4
31607.0,728.48,0.02,0.0,5.87,3
1520.0,4002.15,2.63,0.0,10.49,2
92.0,229.47,2.49,0.64,4.75,3
9923.0,38283.82,3.86,0.0,11.41,2
959.0,546.77,0.57,0.0,5.99,3
478.0,2149.56,4.5,0.0,15.83,1
1925.0,52085.48,27.06,0.78,36.62,1
570.0,520.56,0.91,0.07,3.17,3
382.0,308.47,0.81,0.46,0.82,3
180.0,216.44,1.2,0.0,2.96,3
1026.0,3459.65,3.37,0.0,11.14,2
1423.0,4377.48,3.08,0.0,12.57,2
255.0,2118.96,8.31,0.0,22.02,1
57.0,155.61,2.73,1.38,4.93,3
950.0,4130.92,4.35,0.0,7.83,2
102.0,114.45,1.12,0.14,2.84,3
5183.0,953.2,0.18,0.0,5.31,3
1226.0,223.73,0.18,0.0,3.44,3
558.0,2352.08,4.22,0.0,17.29,1
342.0,1220.0,3.57,0.39,4.71,2
325.0,355.69,1.09,0.0,3.48,3
6590.0,8659.35,1.31,0.0,32.9,1
2335.0,114927.19,49.22,2.43,67.96,4
409.0,600.64,1.47,0.0,4.64,3
749.0,108.1,0.14,0.05,4.67,3
1743.0,111629.31,64.04,4.62,83.89,4
634.0,2452.37,3.87,0.1,17.88,1
120.0,203.48,1.7,0.7,2.02,3
491.0,6078.61,12.38,1.66,23.49,1
134.0,145.48,1.09,0.0,4.42,3
946.0,4135.91,4.37,0.0,23.69,1
237.0,732.42,3.09,0.73,10.82,2
549.0,758.55,1.38,1.08,2.53,3
124.0,195.68,1.58,0.68,5.13,3
424.0,324.49,0.77,0.12,3.2,3
42.0,113.49,2.7,2.06,3.27,3
492.0,1237.54,2.52,0.0,11.63,2
198.0,318.74,1.61,0.3,4.21,3
601.0,318.43,0.53,0.0,4.39,3
4680.0,447.31,0.1,0.0,3.44,3
65.0,110.39,1.7,1.4,2.99,3
6843.0,274313.32,40.09,4.17,48.63,4
324.0,392.73,1.21,0.0,2.03,3
70.0,76.43,1.09,0.61,0.96,3
25359.0,552098.18,21.77,0.0,49.13,4
1745.0,111777.06,64.06,7.71,83.62,4
303.0,274.84,0.91,0.28,2.05,3
751.0,1837.95,2.45,0.0,8.47,2
28267.0,581113.59,20.56,0.0,36.64,4
471.0,1625.93,3.45,0.0,14.57,1
407.0,3845.08,9.45,0.0,19.37,1
80.0,29.02,0.36,0.0,1.0,3
193.0,307.11,1.59,0.25,4.21,3
473.0,618.06,1.31,0.0,10.48,2
19.0,16.11,0.85,0.14,2.59,3
1016.0,3394.71,3.34,0.0,9.87,2
450.0,311.33,0.69,0.02,2.96,3
628.0,798.91,1.27,0.0,3.54,3
1304.0,4054.22,3.11,0.0,13.03,2
432.0,997.54,2.31,0.0,10.88,2
906.0,7029.02,7.76,1.31,14.05,1
94.0,128.34,1.37,0.47,2.19,3
155.0,335.29,2.16,0.69,5.9,3
362.0,2034.17,5.62,0.05,13.44,1
148.0,588.88,3.98,2.64,4.32,2
456.0,1119.36,2.45,0.05,7.24,2
240.0,131.87,0.55,0.34,0.86,3
797.0,4253.91,5.34,0.0,22.63,1
470.0,2690.65,5.72,0.0,19.18,1
3090.0,5875.27,1.9,0.0,9.27,2
1248.0,1159.53,0.93,0.0,3.86,3
302.0,1583.55,5.24,0.0,12.62,1
375.0,450.85,1.2,0.0,1.85,3
814.0,2443.13,3.0,0.0,6.39,2
1484.0,4210.92,2.84,0.0,6.93,2
846.0,1297.64,1.53,0.0,5.34,3
467.0,4081.66,8.74,0.0,18.49,1
894.0,10518.82,11.77,0.0,21.47,1
1655.0,13521.91,8.17,0.0,30.7,1
238.0,237.82,1.0,0.0,5.12,3
710.0,506.27,0.71,0.0,3.81,3
390.0,2904.88,7.45,0.0,15.12,1
50814.0,2230.5,0.04,0.02,12.52,2
658.0,843.44,1.28,0.0,2.99,3
124.0,285.12,2.3,1.53,2.15,3
2339.0,2041.96,0.87,0.0,4.11,3
160.0,194.21,1.21,0.0,2.13,3
574.0,681.11,1.19,0.04,2.74,3
420.0,1616.2,3.85,0.78,4.85,2
215.0,297.89,1.39,0.0,5.74,3
295.0,400.34,1.36,0.0,3.33,3
346.0,2276.22,6.58,0.31,11.83,1
226.0,61.52,0.27,0.05,3.06,3
64.0,83.49,1.3,0.73,1.29,3
1042.0,3174.24,3.05,0.0,11.03,2
177.0,1432.96,8.1,0.56,15.12,1
474.0,4098.04,8.65,0.0,20.43,1
595.0,3624.92,6.09,0.0,25.04,1
1406.0,1583.54,1.13,0.0,3.56,3
1390.0,11439.6,8.23,0.0,21.53,1
145.0,236.47,1.63,0.22,4.61,3
1125.0,11344.47,10.08,0.09,15.58,1
7860.0,493.97,0.06,0.01,2.03,3
134.0,155.78,1.16,0.62,3.0,3
399.0,324.08,0.81,0.0,3.71,3
12235.0,277729.37,22.7,0.0,32.73,4
579.0,3926.14,6.78,0.38,16.8,4
89.0,169.6,1.91,1.44,1.8,3
166.0,57.22,0.34,0.13,1.83,3
940.0,10177.25,10.83,0.0,21.09,1
324.0,415.0,1.28,0.0,5.39,3
334.0,206.15,0.62,0.0,2.61,3
130.0,163.28,1.26,0.09,5.31,3
105.0,135.67,1.29,0.09,5.63,3
28672.0,11106.3,0.39,0.0,18.56,1
385.0,1091.45,2.83,0.31,7.1,2
291.0,386.07,1.33,0.07,5.0,3
183.0,276.3,1.51,0.56,2.59,3
1298.0,3419.22,2.63,0.06,13.57,2
342.0,2211.04,6.47,3.94,10.85,1
1882.0,3769.46,2.0,0.0,11.81,2
979.0,2650.53,2.71,0.0,11.46,2
435.0,184.81,0.42,0.0,4.41,3
6514.0,3720.53,0.57,0.0,4.53,3
134.0,220.18,1.64,1.27,1.67,3
238.0,104.36,0.44,0.0,2.49,3
928.0,959.63,1.03,0.0,4.81,3
360.0,470.81,1.31,0.04,5.12,3
2989.0,2772.1,0.93,0.0,3.04,3
871.0,5069.99,5.82,0.0,25.62,1
64.0,48.73,0.76,0.06,2.69,3
820.0,1950.7,2.38,0.0,10.77,2
1813.0,551.52,0.3,0.0,4.23,3
1080.0,4103.3,3.8,0.0,6.41,2
365.0,2073.34,5.68,0.0,16.94,1
4946.0,22969.09,4.64,0.0,19.87,1
781.0,7927.54,10.15,0.0,21.26,1
383.0,4907.87,12.81,0.0,22.26,1
79.0,120.03,1.52,0.43,3.21,3
7536.0,4316.85,0.57,0.0,5.94,3
485.0,1050.28,2.17,0.23,4.65,3
90.0,29.36,0.33,0.0,0.92,3
80.0,90.67,1.13,0.0,2.76,3
160.0,234.77,1.47,0.59,2.26,3
678.0,544.1,0.8,0.0,5.65,3
120.0,134.35,1.12,0.0,2.14,3
233.0,340.33,1.46,0.0,5.71,3
210.0,280.2,1.33,0.0,5.11,3
957.0,1270.08,1.33,0.0,5.79,3
423.0,393.74,0.93,0.0,4.38,3
1001.0,10565.14,10.55,0.0,21.05,1
359.0,1017.07,2.83,1.51,3.76,2
99.0,957.65,9.67,3.01,18.73,1
94.0,56.27,0.6,0.0,3.18,3
55.0,202.67,3.68,1.24,1.32,3
265.0,354.37,1.34,0.0,2.58,3
152.0,114.88,0.76,0.07,3.79,3
697.0,1941.28,2.79,0.62,4.96,2
1151.0,4577.75,3.98,0.0,6.96,2
804.0,657.98,0.82,0.36,2.14,3
836.0,3182.07,3.81,0.06,10.89,2
95.0,417.81,4.4,1.33,7.54,4
420.0,922.92,2.2,0.0,5.9,2
733.0,267.24,0.36,0.05,4.09,3
36.0,42.02,1.17,0.14,2.91,3
460.0,1199.11,2.61,0.28,4.73,2
164.0,206.97,1.26,0.04,5.05,3
183.0,179.08,0.98,0.0,2.65,3
90.0,223.48,2.48,0.73,6.42,2
434.0,626.68,1.44,0.04,2.91,3
222.0,141.53,0.64,0.18,5.59,3
711.0,341.22,0.48,0.25,0.55,3
112.0,157.74,1.41,0.28,2.75,3
589.0,531.83,0.9,0.16,1.23,3
774.0,2631.39,3.4,0.04,8.87,2
844.0,814.68,0.97,0.0,4.85,3
368.0,2577.12,7.0,0.0,18.18,1
786.0,1642.88,2.09,0.04,8.66,2
370.0,1025.62,2.77,1.6,3.66,2
988.0,5573.43,5.64,0.04,19.48,1
497.0,1704.57,3.43,0.89,10.18,2
525.0,588.92,1.12,0.0,3.8,3
192.0,174.19,0.91,0.04,5.22,3
410.0,355.15,0.87,0.0,11.87,2
8913.0,288006.1,32.31,0.0,73.04,4
2008.0,16592.2,8.26,0.0,18.82,1
2505.0,1312.98,0.52,0.0,2.4,3
70.0,39.34,0.56,0.04,1.75,3
830.0,442.18,0.53,0.0,5.05,3
101.0,112.02,1.11,0.0,3.75,3
441.0,337.01,0.76,0.0,3.33,3
2462.0,17840.23,7.25,0.24,16.38,1
65.0,77.97,1.2,0.51,1.84,3
1566.0,16616.2,10.61,0.0,22.26,1
66.0,62.5,0.95,0.0,3.67,3
490.0,806.44,1.65,0.0,5.62,3
712.0,462.53,0.65,0.0,1.39,3
46.0,134.24,2.92,1.05,4.2,3
1830.0,4649.69,2.54,0.0,9.63,2
893.0,5114.75,5.73,0.0,21.09,1
96.0,163.32,1.7,0.09,4.14,3
625.0,844.87,1.35,0.46,2.35,3
1187.0,6506.6,5.48,0.0,15.92,1
167.0,274.78,1.65,0.0,4.72,3
325.0,422.25,1.3,0.0,4.15,3
2268.0,5346.28,2.36,0.04,16.4,1
44134.0,958315.11,21.71,0.0,34.14,4
716.0,3304.86,4.62,0.0,20.66,1
3489.0,686.92,0.2,0.1,3.89,3
1074.0,506.69,0.47,0.0,3.28,3
1175.0,4280.04,3.64,0.0,7.83,2
28.0,21.91,0.78,0.04,2.3,3
880.0,10601.07,12.05,0.0,22.34,1
9402.0,1908.81,0.2,0.0,4.32,3
3018.0,4762.54,1.58,0.0,8.41,2
769.0,6975.48,9.07,0.0,18.99,1
501.0,1714.92,3.42,0.25,9.24,2
383.0,522.33,1.36,0.0,5.19,3
195.0,1445.76,7.41,0.0,16.2,1
158.0,186.42,1.18,0.0,4.03,3
1126.0,4351.12,3.86,0.0,6.51,2
171.0,182.69,1.07,0.0,3.39,3
907.0,2852.33,3.14,0.18,7.12,2
1082.0,13129.34,12.13,0.34,19.74,1
1188.0,3890.52,3.27,0.0,12.22,2
305.0,1021.41,3.35,1.08,5.36,2
275.0,1398.85,5.09,1.94,5.15,2
1424.0,3494.45,2.45,0.0,13.26,2
1104.0,424.4,0.38,0.11,4.19,3
440.0,318.62,0.72,0.0,5.82,3
386.0,2824.48,7.32,0.12,17.71,1
1420.0,2891.96,2.04,0.0,7.23,2
550.0,1655.68,3.01,1.42,3.7,2
6327.0,23275.86,3.68,0.0,19.06,1
870.0,1115.56,1.28,0.58,1.83,3
100.0,175.78,1.76,0.32,5.96,3
85.0,67.88,0.8,0.28,4.38,3
175.0,284.6,1.63,0.0,12.59,2
63.0,80.98,1.29,0.0,3.11,3
298.0,230.05,0.77,0.12,2.74,3
484.0,1449.89,3.0,0.02,5.37,2
67.0,16.25,0.24,0.0,0.63,3
592.0,790.51,1.34,0.0,5.98,3
2303.0,792.33,0.34,0.0,5.02,3
1086.0,2508.91,2.31,0.0,15.55,1
1564.0,4083.59,2.61,0.0,11.2,2
54.0,85.84,1.59,0.66,2.46,3
172.0,312.78,1.82,0.76,5.06,3
602.0,792.59,1.32,0.0,7.83,2
3530.0,1691.73,0.48,0.06,5.83,3
1730.0,2477.61,1.43,0.12,4.1,3
158.0,126.32,0.8,0.32,2.42,3
602.0,3157.92,5.25,0.31,12.93,1
392.0,712.84,1.82,0.14,3.35,3
435.0,598.58,1.38,0.14,5.13,2
348.0,1382.54,3.97,0.24,17.81,4
304.0,9598.86,31.58,9.5,67.28,4
62.0,75.23,1.21,0.0,3.38,3
675.0,2227.94,3.3,0.44,6.11,2
360.0,371.56,1.03,0.0,4.04,3
1404.0,8848.22,6.3,0.0,20.76,1
346.0,1423.57,4.11,0.0,11.95,2
1686.0,14264.69,8.46,0.45,17.71,1
237.0,895.31,3.78,0.11,10.21,2
407.0,611.39,1.5,1.1,2.15,3
708.0,900.28,1.27,0.04,3.41,3
204.0,1273.76,6.24,0.0,16.51,1
1968.0,15207.51,7.73,0.18,22.87,1
359.0,404.59,1.13,0.0,2.51,3
5888.0,7785.33,1.32,0.0,3.94,3
1819.0,111925.55,61.53,7.01,80.15,4
832.0,1364.22,1.64,0.0,6.76,2
1024.0,3981.97,3.89,0.0,19.2,1
274.0,306.22,1.12,0.0,3.97,3
145.0,1148.65,7.92,0.81,25.17,1
3061.0,4533.99,1.48,0.0,7.64,2
165.0,205.89,1.25,0.0,2.55,3
684.0,5110.89,7.47,0.0,20.76,1
1026.0,3048.64,2.97,0.0,9.22,2
1105.0,4116.86,3.73,0.0,19.21,1
230.0,330.76,1.44,0.14,4.66,3
195.0,178.35,0.91,0.0,5.5,3
675.0,2157.73,3.2,0.99,5.41,2
703.0,9613.68,13.68,1.29,21.01,1
784.0,1048.16,1.34,0.04,5.28,2
1262.0,3283.63,2.6,0.0,7.4,2
152.0,257.49,1.69,0.69,0.74,3
230.0,3593.74,15.62,1.75,35.65,1
737.0,215.96,0.29,0.08,1.05,3
299.0,561.84,1.88,0.06,4.81,3
612.0,2053.9,3.36,0.0,11.77,2
805.0,1992.98,2.48,0.04,11.13,2
740.0,977.39,1.32,0.0,4.83,3
3760.0,658.92,0.18,0.0,4.5,3
332.0,421.52,1.27,0.04,5.96,3
198.0,311.61,1.57,0.71,4.54,3
830.0,2467.19,2.97,0.0,10.17,2
178.0,287.79,1.62,0.3,3.45,3
1395.0,4390.31,3.15,0.0,8.3,2
696.0,1019.64,1.46,0.0,4.57,3
1089.0,304.51,0.28,0.04,1.02,3
11349.0,227345.57,20.03,0.05,32.71,4
4920.0,35789.4,7.27,0.03,71.99,4
1033.0,3340.7,3.23,0.0,13.97,2
1059.0,3922.49,3.7,0.0,17.88,1
860.0,2410.49,2.8,0.1,4.12,2
915.0,1156.27,1.26,0.04,4.61,3
50.0,70.01,1.4,0.07,3.46,3
154.0,1513.1,9.83,1.14,20.3,1
1141.0,8250.14,7.23,0.0,35.18,1
890.0,2107.76,2.37,0.0,12.01,2
210.0,289.42,1.38,0.06,5.13,3
131.0,1176.14,8.98,1.21,15.14,1
45.0,45.66,1.01,0.11,1.66,3
1058.0,3316.75,3.13,0.0,9.57,2
1762.0,16484.25,9.36,0.0,19.98,1
100.0,828.08,8.28,0.93,20.33,1
1446.0,2630.56,1.82,0.0,12.18,1
342.0,1155.9,3.38,1.94,9.1,2
1812.0,4366.29,2.41,0.0,10.51,2
624.0,914.24,1.47,0.77,3.45,3
565.0,670.41,1.19,0.0,6.58,2
100.0,1189.48,11.89,0.41,29.19,4
204.0,337.47,1.65,0.0,4.2,3
228.0,386.06,1.69,0.0,5.37,3
106.0,168.57,1.59,0.22,4.64,3
235.0,266.29,1.13,0.29,3.8,3
392.0,1759.51,4.49,0.0,18.32,1
2562.0,1866.99,0.73,0.0,3.83,3
350.0,3775.72,10.79,0.0,21.98,1
30.0,9.14,0.3,0.0,0.44,3
495.0,1046.69,2.11,0.26,4.73,2
1764.0,11026.28,6.25,0.0,34.31,1
484.0,314.86,0.65,0.0,5.78,3
2460.0,16169.87,6.57,0.0,25.22,1
149.0,285.07,1.91,1.1,3.59,3
160.0,203.4,1.27,0.0,3.79,3
205.0,257.08,1.25,0.0,2.19,3
582.0,2579.24,4.43,0.28,12.52,2
320.0,344.43,1.08,0.0,1.94,3
604.0,1770.49,2.93,0.0,5.16,2
184.0,1810.64,9.84,0.04,27.2,1
86.0,53.85,0.63,0.04,2.91,3
537.0,1996.22,3.72,2.36,4.6,2
624.0,2168.53,3.48,0.04,9.01,2
1035.0,2808.6,2.71,0.02,11.16,2
828.0,2571.58,3.11,0.0,9.17,2
470.0,2660.48,5.66,0.0,17.49,1
708.0,959.46,1.36,0.2,3.88,3
712.0,3209.08,4.51,0.0,16.2,1
145.0,104.53,0.72,0.0,2.11,3
260.0,611.4,2.35,0.82,6.59,2
64.0,63.88,1.0,0.27,2.68,3
848.0,3112.34,3.67,0.4,10.5,2
438.0,1893.76,4.32,2.52,6.74,2
68.0,70.51,1.04,0.1,5.26,3
938.0,3213.77,3.43,0.0,14.87,1
1354.0,1539.09,1.14,0.0,5.35,3
55.0,7.79,0.14,0.0,0.65,3
465.0,1565.83,3.37,0.21,7.0,2
1780.0,111957.51,62.9,7.67,83.97,4
449.0,5717.27,12.73,5.22,17.79,1
532.0,1708.13,3.21,0.06,8.25,2
52.0,27.65,0.53,0.04,2.77,3
196.0,281.27,1.44,0.17,5.27,3
240.0,238.06,0.99,0.0,2.26,3
14.0,25.25,1.8,0.23,2.74,3
199.0,363.22,1.83,0.48,5.38,3
152.0,61.14,0.4,0.04,2.17,3
185.0,301.31,1.63,0.58,2.93,3
94.0,64.24,0.68,0.0,3.38,3
666.0,551.22,0.83,0.0,5.17,3
1236.0,2751.13,2.23,0.0,10.12,2
596.0,1208.2,2.03,0.07,12.01,2
1074.0,506.69,0.47,0.0,3.28,3
1181.0,4302.61,3.64,0.0,8.71,2
355.0,358.07,1.01,0.0,4.91,3
7978.0,133406.49,16.72,0.0,50.25,4
162.0,177.54,1.1,0.0,2.51,3
990.0,1958.97,1.98,0.04,7.89,2
172.0,303.96,1.77,1.15,1.52,3
285.0,1894.93,6.65,0.09,16.64,1
506.0,3547.59,7.01,0.09,22.71,1
1405.0,11844.06,8.43,0.0,22.05,1
1928.0,3788.34,1.96,0.0,10.35,2
230.0,276.75,1.2,0.35,2.72,3
5084.0,4461.0,0.88,0.0,6.72,2
860.0,962.72,1.12,0.0,3.61,3
3337.0,1485.37,0.45,0.0,3.08,3
38.0,37.85,1.0,0.17,1.93,3
916.0,2692.53,2.94,0.0,9.95,2
430.0,333.07,0.77,0.02,5.68,3
1754.0,111911.23,63.8,4.23,84.29,4
1705.0,4359.08,2.56,0.0,6.21,2
372.0,547.1,1.47,0.04,4.29,3
1384.0,7044.01,5.09,0.0,31.95,1
1136.0,754.9,0.66,0.0,3.84,3
363.0,1987.94,5.48,0.0,17.77,1
280.0,495.1,1.77,0.0,5.2,3
1226.0,2543.26,2.07,0.0,5.83,2
528.0,1249.63,2.37,1.32,2.86,2
1598.0,2998.96,1.88,0.0,13.69,2
182.0,139.65,0.77,0.38,0.9,3
99.0,158.87,1.6,0.7,2.01,3
3901.0,10701.55,2.74,0.0,12.98,2
720.0,354.89,0.49,0.09,3.44,3
62.0,84.19,1.36,0.38,4.37,3
1446.0,12577.33,8.7,0.21,17.76,1
411.0,582.12,1.42,0.8,1.76,3
338.0,4123.63,12.2,2.69,21.6,4
838.0,2198.33,2.62,0.0,6.62,2
1787.0,32970.54,18.45,0.3,34.1,4
80.0,166.66,2.08,0.09,5.6,3
150.0,228.35,1.52,0.22,3.88,3
778.0,2241.93,2.88,0.14,5.26,2
646.0,2257.44,3.49,0.88,7.22,2
1040.0,3294.39,3.17,0.07,10.01,2
196.0,377.51,1.93,0.12,5.52,3
237.0,567.52,2.39,0.0,11.99,2
1004.0,484.18,0.48,0.0,2.73,3
142.0,132.04,0.93,0.0,4.11,3
68.0,72.11,1.06,0.17,3.38,3
256.0,2461.51,9.62,0.07,13.61,1
171.0,256.82,1.5,0.2,4.66,3
2084.0,1445.85,0.69,0.0,3.55,3
756.0,6892.91,9.12,0.04,21.7,1
338.0,1255.23,3.71,0.0,7.19,2
274.0,237.3,0.87,0.0,5.32,3
390.0,501.54,1.29,0.04,2.35,3
45.0,66.54,1.48,0.0,3.78,3
260.0,1997.5,7.68,0.28,26.52,4
237.0,286.42,1.21,0.0,5.5,3
245.0,254.15,1.04,0.0,6.0,3
30.0,142.31,4.74,1.07,1.77,3
795.0,763.24,0.96,0.29,4.53,3
81.0,143.29,1.77,1.21,1.51,3
1456.0,14312.95,9.83,0.39,48.21,4
2108.0,4113.43,1.95,0.04,12.43,2
46470.0,531.39,0.01,0.0,4.01,3
428.0,322.14,0.75,0.07,2.96,3
38.0,84.87,2.23,1.28,4.9,3
21.0,1024.55,48.79,1.81,16.84,4
35.0,24.39,0.7,0.0,1.04,3
733.0,14287.01,19.49,0.96,17.06,1
1509.0,9771.5,6.48,0.0,20.97,1
250.0,762.07,3.05,1.75,3.98,2
904.0,3869.74,4.28,0.06,13.86,2
1036.0,1606.65,1.55,0.75,1.8,3
1730.0,2477.61,1.43,0.12,4.1,3
1118.0,4115.61,3.68,0.0,6.3,2
72.0,119.18,1.66,0.37,3.19,3
846.0,2403.45,2.84,0.14,11.26,2
1747.0,111883.14,64.04,4.37,84.59,4
4070.0,1921.21,0.47,0.0,2.5,3
360.0,470.81,1.31,0.04,5.12,3
820.0,1070.49,1.31,0.0,5.59,3
122.0,17.1,0.14,0.0,0.14,3
388.0,1621.87,4.18,0.75,5.37,2
261.0,367.87,1.41,0.0,2.78,3
412.0,4061.27,9.86,0.56,22.47,4
191.0,178.08,0.93,0.24,0.76,3
1411.0,4558.62,3.23,0.0,7.38,2
154.0,291.53,1.89,0.12,5.29,3
380.0,1264.32,3.33,0.37,11.94,2
1637.0,1491.8,0.91,0.29,3.16,3
2256.0,18310.74,8.12,0.0,20.36,1
16303.0,370511.86,22.73,0.0,41.96,4
235.0,10394.67,44.23,16.32,67.65,4
1036.0,701.1,0.68,0.0,4.46,3
1498.0,4504.56,3.01,0.0,11.19,2
118.0,250.04,2.12,0.96,1.76,3
137.0,211.75,1.55,0.0,3.96,3
4147.0,2499.75,0.6,0.0,6.59,2
1026.0,2680.46,2.61,0.07,10.12,2
705.0,542.15,0.77,0.0,2.04,3
452.0,2037.26,4.51,0.0,26.86,1
494.0,1175.36,2.38,0.0,9.2,2
130.0,157.18,1.21,0.07,3.28,3
367.0,2806.18,7.65,1.27,29.89,1
6078.0,5130.46,0.84,0.17,1.79,3
854.0,3191.73,3.74,0.0,16.08,1
458.0,10794.04,23.57,2.34,67.17,4
355.0,363.79,1.02,0.0,3.95,3
1532.0,4680.32,3.06,0.04,11.58,2
609.0,2341.76,3.85,0.0,7.97,2
9436.0,5584.36,0.59,0.0,5.46,3
814.0,2512.18,3.09,0.0,11.55,2
800.0,222.06,0.28,0.08,0.8,3
1248.0,3887.99,3.12,0.12,13.54,2
53.0,135.24,2.55,1.01,1.16,3
1105.0,1724.43,1.56,0.0,4.93,3
1445.0,4478.97,3.1,0.0,11.32,2
1326.0,4578.38,3.45,0.0,11.05,2
1737.0,111861.47,64.4,3.54,84.4,4
20.0,54.55,2.73,2.17,3.02,3
80.0,335.62,4.2,1.79,6.92,2
806.0,752.79,0.93,0.0,7.38,2
1322.0,3429.31,2.59,0.07,8.92,2
1990.0,145.18,0.07,0.0,1.41,3
162.0,397.13,2.45,0.28,13.31,2
18.0,58.31,3.24,1.65,3.78,3
194.0,178.33,0.92,0.0,2.8,3
13339.0,22809.73,1.71,0.06,2.46,3
236.0,273.5,1.16,0.0,3.94,3
2257.0,3132.51,1.39,0.0,11.08,2
1109.0,773.78,0.7,0.0,4.26,3
13339.0,22809.73,1.71,0.06,2.46,3
1618.0,1628.54,1.01,0.0,4.73,3
890.0,3842.17,4.32,0.37,8.99,2
936.0,3600.21,3.85,0.0,13.58,2
4.0,84.93,21.23,2.32,20.4,4
1154.0,5145.06,4.46,0.0,20.3,1
260.0,348.38,1.34,0.0,5.53,3
892.0,3922.68,4.4,2.34,4.84,2
52.0,38.17,0.73,0.0,2.28,3
960.0,549.9,0.57,0.0,1.71,3
114.0,135.52,1.19,0.09,3.93,3
389.0,1640.52,4.22,0.43,6.59,2
1260.0,1407.06,1.12,0.0,2.11,3
1600.0,5381.43,3.36,0.0,13.52,2
890.0,8324.38,9.35,0.0,22.68,1
85.0,28.3,0.33,0.0,1.13,3
870.0,1180.34,1.36,0.0,4.53,3
241.0,545.74,2.26,0.32,5.65,3
561.0,716.2,1.28,0.0,3.66,3
1135.0,8882.92,7.83,0.25,17.44,1
186.0,191.32,1.03,0.0,3.38,3
206.0,333.45,1.62,0.17,5.57,3
186.0,303.79,1.63,0.39,3.94,3
490.0,580.45,1.18,0.0,4.78,3
897.0,4979.11,5.55,0.0,21.55,1
382.0,1115.4,2.92,0.26,9.88,2
412.0,971.94,2.36,0.0,11.89,2
1153.0,8421.17,7.3,0.0,19.68,1
1455.0,908.75,0.62,0.02,3.76,3
1692.0,111208.89,65.73,9.36,84.38,4
3911.0,6288.05,1.61,0.0,12.71,1
584.0,695.61,1.19,0.0,2.86,3
816.0,2898.99,3.55,0.0,10.73,2
1067.0,3884.73,3.64,0.0,6.95,2
1004.0,484.18,0.48,0.0,2.73,3
377.0,422.88,1.12,0.23,3.73,3
1010.0,965.41,0.96,0.0,44.85,1
690.0,9646.73,13.98,0.0,33.78,1
1768.0,111900.32,63.29,7.23,84.21,4
300.0,460.96,1.54,0.22,3.61,3
778.0,2210.37,2.84,0.0,7.27,2
76.0,68.32,0.9,0.06,4.07,3
472.0,2849.25,6.04,0.04,17.09,1
1065.0,1791.68,1.68,0.99,5.6,3
170.0,183.71,1.08,0.11,4.52,3
26.0,43.26,1.66,0.62,2.71,3
937.0,7540.71,8.05,1.14,15.21,1
772.0,4912.08,6.36,0.21,15.11,1
2110.0,30533.36,14.47,0.0,26.74,1
1034.0,3302.72,3.19,0.0,12.78,2
237.0,371.87,1.57,0.1,4.35,3
1229.0,16518.43,13.44,0.0,22.14,1
575.0,2831.74,4.92,0.0,14.85,1
1140.0,4346.19,3.81,0.04,12.51,2
957.0,4695.64,4.91,0.42,13.87,1
276.0,309.73,1.12,0.04,5.63,3
1609.0,4268.96,2.65,0.72,4.72,2
203.0,163.92,0.81,0.0,3.61,3
170.0,61.82,0.36,0.02,1.22,3
375.0,657.15,1.75,0.0,5.17,3
561.0,747.64,1.33,0.0,4.19,3
13399.0,902.91,0.07,0.0,5.39,3
111.0,603.98,5.44,1.22,11.67,2
1238.0,4357.02,3.52,0.0,13.3,2
1244.0,4029.49,3.24,0.0,11.02,2
1061.0,14754.52,13.91,1.08,20.72,1
674.0,888.99,1.32,0.82,1.55,3
22.0,3.4,0.15,0.07,0.28,3
1335.0,1202.25,0.9,0.0,3.84,3
812.0,2786.36,3.43,0.54,9.35,2
206.0,288.06,1.4,0.07,5.99,3
153.0,238.21,1.56,0.34,5.88,3
684.0,2759.34,4.03,0.0,15.2,1
690.0,1722.96,2.5,0.0,8.7,2
280.0,567.62,2.03,0.0,9.39,2
2000.0,6934.57,3.47,0.0,11.78,2
673.0,761.45,1.13,0.0,4.82,3
46.0,140.98,3.06,0.42,4.27,3
17926.0,328047.92,18.3,0.0,47.44,4
560.0,581.77,1.04,0.4,1.96,3
584.0,1916.35,3.28,0.41,10.5,2
50394.0,3003.72,0.06,0.01,8.21,2
1314.0,3532.52,2.69,0.0,11.37,2
1328.0,3906.44,2.94,0.0,19.66,1
7226.0,2939.53,0.41,0.06,1.29,3
1178.0,16572.36,14.07,0.0,21.95,1
1154.0,2920.5,2.53,0.35,4.13,2
1162.0,3075.52,2.65,0.0,9.97,2
9.0,196.45,21.83,6.61,11.55,1
185.0,266.97,1.44,0.55,1.3,3
118.0,143.28,1.21,0.04,3.71,3
912.0,380.73,0.42,0.0,4.03,3
520.0,2228.95,4.29,1.44,6.66,2
186.0,132.42,0.71,0.0,3.92,3
926.0,8757.97,9.46,0.0,19.98,1
50.0,40.71,0.81,0.07,3.72,3
7616.0,4264.29,0.56,0.0,3.66,3
433.0,364.92,0.84,0.17,5.55,3
142.0,782.02,5.51,0.89,45.01,4
859.0,8591.1,10.0,0.13,22.82,1
16.0,17.86,1.12,0.1,1.78,3
1453.0,2555.24,1.76,0.08,9.83,2
330.0,381.27,1.16,0.48,2.48,3
868.0,287.46,0.33,0.0,5.16,3
740.0,845.61,1.14,0.0,5.37,3
840.0,2270.23,2.7,0.36,5.92,2
311.0,1028.35,3.31,1.18,4.45,2
176.0,328.91,1.87,0.09,5.74,3
3092.0,2522.6,0.82,0.0,5.04,3
194.0,233.12,1.2,0.04,3.79,3
191.0,335.14,1.75,0.31,5.45,3
151.0,271.42,1.8,0.46,4.25,3
1070.0,4291.91,4.01,0.0,12.72,2
211.0,523.76,2.48,0.0,10.76,2
1240.0,3146.08,2.54,0.0,7.63,2
283.0,1641.78,5.8,0.07,16.76,1
2036.0,2726.54,1.34,0.0,5.45,2
275.0,480.8,1.75,0.27,5.14,3
84.0,25.02,0.3,0.0,1.41,3
144.0,163.77,1.14,0.0,5.64,2
1817.0,4057.41,2.23,0.0,16.92,1
144.0,189.11,1.31,0.15,3.74,3
1616.0,8931.82,5.53,0.62,15.62,1
529.0,2050.33,3.88,0.0,11.72,2
932.0,3075.51,3.3,0.0,12.1,2
67.0,181.93,2.72,1.47,1.49,3
373.0,1673.63,4.49,0.86,7.43,2
75.0,133.45,1.78,0.52,4.2,3
3962.0,408.54,0.1,0.01,1.24,3
724.0,338.86,0.47,0.03,0.88,3
610.0,1005.98,1.65,0.07,5.66,3
445.0,7370.19,16.56,3.51,21.06,1
38.0,48.37,1.27,0.06,3.58,3
385.0,1133.53,2.94,0.0,6.99,2
150.0,209.65,1.4,0.0,5.58,3
382.0,545.39,1.43,0.0,5.35,3
304.0,932.45,3.07,0.13,3.36,2
316.0,886.11,2.8,0.14,4.43,2
4223.0,927.1,0.22,0.0,4.14,3
7510.0,4106.54,0.55,0.0,5.51,3
858.0,2002.97,2.33,0.52,42.83,1
260.0,410.39,1.58,0.21,10.71,2
1120.0,966.87,0.86,0.46,5.95,3
108.0,145.69,1.35,0.91,2.18,3
165.0,275.26,1.67,0.41,3.15,3
95.0,174.32,1.83,0.21,5.49,3
353.0,2591.39,7.34,0.77,25.54,1
1011.0,4155.17,4.11,0.0,8.18,2
1170.0,2646.5,2.26,0.06,7.68,2
2630.0,4472.88,1.7,0.0,13.17,2
118.0,295.83,2.51,1.41,6.07,2
441.0,380.35,0.86,0.0,3.56,3
484.0,1161.0,2.4,0.14,7.05,2
15379.0,41396.05,2.69,0.0,11.9,2
570.0,1831.96,3.21,0.02,5.71,2
2453.0,65030.16,26.51,2.03,39.97,4
815.0,1978.95,2.43,0.0,11.98,2
136.0,52.44,0.39,0.0,2.59,3
178.0,2275.16,12.78,5.97,14.57,1
10069.0,2582.8,0.26,0.0,13.18,2
410.0,355.15,0.87,0.0,11.87,2
328.0,933.28,2.85,0.41,6.49,2
875.0,4793.37,5.48,0.0,17.86,1
450.0,1230.51,2.73,0.0,6.02,2
135.0,40.02,0.3,0.0,0.96,3
1070.0,453.66,0.42,0.0,4.16,3
647.0,3160.09,4.88,0.0,25.48,1
184.0,249.95,1.36,0.12,2.86,3
266.0,374.52,1.41,0.07,3.57,3
360.0,2810.33,7.81,0.0,17.05,1
320.0,574.04,1.79,0.07,5.32,3
387.0,4577.49,11.83,0.0,30.14,1
1072.0,3338.97,3.11,0.0,11.82,2
1488.0,19703.82,13.24,0.0,28.31,1
515.0,618.66,1.2,0.18,4.49,3
310.0,263.94,0.85,0.27,1.85,3
1442.0,1601.23,1.11,0.16,5.77,3
836.0,3264.15,3.9,0.0,13.58,2
1531.0,16733.81,10.93,0.0,21.86,1
39.0,340.27,8.72,3.65,15.89,1
297.0,263.35,0.89,0.0,1.36,3
16.0,17.86,1.12,0.1,1.78,3
84.0,260.65,3.1,0.99,5.24,3
77.0,216.56,2.81,0.69,3.09,3
824.0,1903.23,2.31,0.0,6.24,2
150.0,267.36,1.78,1.0,3.34,3
48.0,60.89,1.27,0.11,2.35,3
155.0,1218.21,7.86,0.0,32.61,1
371.0,665.07,1.79,0.0,9.83,2
1374.0,17190.83,12.51,0.0,23.34,1
167.0,239.63,1.43,0.12,5.31,3
1242.0,3281.23,2.64,0.24,10.17,2
335.0,398.37,1.19,0.0,2.02,3
820.0,5146.13,6.28,0.0,19.11,1
300.0,281.07,0.94,0.14,5.22,3
1722.0,111584.79,64.8,9.28,84.37,4
674.0,880.57,1.31,0.0,4.51,3
12.0,12.67,1.06,0.43,2.45,3
661.0,6102.83,9.23,0.0,22.31,1
24.0,64.96,2.71,1.89,2.94,3
2036.0,2726.54,1.34,0.0,5.45,2
1924.0,5823.5,3.03,0.0,13.49,2
396.0,4303.98,10.87,0.04,21.4,1
316.0,1702.79,5.39,0.36,14.39,1
1410.0,17469.29,12.39,0.0,21.62,1
431.0,648.94,1.51,1.03,1.44,3
505.0,523.78,1.04,0.0,4.4,3
323.0,814.46,2.52,0.07,11.94,2
734.0,4212.59,5.74,0.0,19.76,1
235.0,332.95,1.42,0.0,5.43,3
1504.0,200.43,0.13,0.0,2.16,3
1074.0,10808.11,10.06,0.32,19.34,1
940.0,2254.55,2.4,0.04,10.0,2
304.0,932.45,3.07,0.13,3.36,2
1106.0,8959.67,8.1,0.0,21.69,1
3628.0,11167.72,3.08,1.43,4.0,2
1762.0,16484.25,9.36,0.0,19.98,1
766.0,5052.85,6.6,0.0,17.77,1
166.0,253.47,1.53,0.0,5.89,3
492.0,728.46,1.48,0.06,4.84,3
889.0,534.39,0.6,0.0,4.95,3
456.0,3761.67,8.25,0.0,20.57,1
224.0,1412.23,6.3,0.0,18.12,1
359.0,454.69,1.27,0.07,3.76,3
282.0,1877.95,6.66,0.34,15.99,1
500.0,543.87,1.09,0.0,4.32,3
670.0,1016.29,1.52,0.01,5.7,3
1350.0,6778.87,5.02,0.0,31.95,1
2686.0,17631.52,6.56,0.0,21.56,1
2056.0,2630.97,1.28,0.07,4.53,2
63.0,451.6,7.17,3.26,17.58,4
75.0,68.96,0.92,0.0,1.7,3
60.0,41.81,0.7,0.06,1.48,3
11421.0,37130.74,3.25,0.02,13.22,2
417.0,1682.82,4.04,1.0,11.52,2
789.0,842.75,1.07,0.0,7.77,2
867.0,2671.93,3.08,0.0,9.6,2
1104.0,2152.33,1.95,0.0,9.22,2
130.0,162.27,1.25,0.0,2.81,3
390.0,439.45,1.13,0.23,3.23,3
90.0,26.88,0.3,0.0,0.77,3
320.0,1968.95,6.15,0.64,13.16,1
2130.0,12858.69,6.04,0.0,22.98,1
224.0,251.17,1.12,0.0,2.22,3
1184.0,4222.83,3.57,0.0,9.63,2
365.0,2196.64,6.02,0.0,19.04,1
72.0,63.28,0.88,0.06,2.34,3
131.0,198.02,1.51,0.81,1.44,3
1760.0,111941.49,63.6,7.82,83.67,4
12307.0,44397.04,3.61,0.0,12.94,2
1390.0,12831.04,9.23,0.0,20.58,1
1252.0,2777.45,2.22,0.0,21.57,1
3105.0,834.38,0.27,0.0,4.65,3
868.0,6340.88,7.31,0.0,34.46,4
24409.0,250906.2,10.28,0.0,61.92,4
397.0,1184.21,2.98,0.09,6.08,2
5298.0,729.03,0.14,0.0,4.86,3
45.0,50.13,1.11,0.32,1.94,3
233.0,442.4,1.9,0.07,5.76,3
173.0,152.34,0.88,0.28,4.3,3
246.0,295.51,1.2,0.46,2.36,3
890.0,2654.47,2.98,0.0,8.95,2
108.0,145.69,1.35,0.91,2.18,3
12.0,8.49,0.71,0.48,0.8,3
1118.0,2714.61,2.43,0.21,10.0,2
64.0,152.98,2.39,1.12,1.35,3
1286.0,3252.29,2.53,0.0,8.92,2
2405.0,2323.59,0.97,0.0,3.94,3
1698.0,111303.2,65.55,4.23,84.62,4
7.0,12.23,1.75,1.09,2.27,3
924.0,4083.08,4.42,0.0,19.45,1
975.0,4186.78,4.29,0.75,6.03,2
688.0,5086.0,7.39,0.17,31.28,1
594.0,4453.64,7.5,0.0,15.47,1
765.0,1048.35,1.37,0.0,3.4,3
936.0,2277.92,2.43,0.0,11.28,2
420.0,624.49,1.49,0.14,3.83,3
942.0,3686.88,3.91,0.04,10.28,2
134.0,188.8,1.41,0.0,2.31,3
232.0,257.14,1.11,0.17,2.49,3
1533.0,4801.3,3.13,0.0,6.75,2
152.0,226.14,1.49,0.04,10.07,2
61.0,137.62,2.26,0.0,3.42,2
281.0,944.11,3.36,0.4,11.24,2
434.0,796.12,1.83,0.0,5.94,3
135.0,222.0,1.64,0.66,2.63,3
1731.0,288.1,0.17,0.0,3.06,3
5287.0,1037.15,0.2,0.0,4.34,3
712.0,5346.99,7.51,0.0,23.77,1
50.0,58.97,1.18,0.23,3.65,3
3444.0,4720.99,1.37,0.0,13.33,2
1157.0,3825.34,3.31,0.57,4.9,2
150.0,290.42,1.94,0.54,4.62,3
1319.0,3494.0,2.65,0.0,9.88,2
712.0,2106.73,2.96,0.03,7.97,2
126.0,145.05,1.15,0.33,5.12,3
1198.0,7147.28,5.97,0.0,19.34,1
229.0,234.99,1.03,0.19,1.49,3
288.0,1560.41,5.42,0.0,22.45,1
67.0,712.75,10.64,4.86,9.77,4
506.0,224.84,0.44,0.0,5.4,3
326.0,587.23,1.8,0.0,5.94,3
944.0,2568.15,2.72,0.0,8.14,2
791.0,5776.84,7.3,0.0,22.5,1
1122.0,14251.25,12.7,0.0,22.69,1
1593.0,105748.11,66.38,0.0,83.11,4
864.0,2419.72,2.8,0.0,8.66,2
475.0,358.84,0.76,0.0,2.53,3
365.0,434.39,1.19,0.29,2.92,3
1184.0,4222.83,3.57,0.0,9.63,2
93.0,79.73,0.86,0.0,1.89,3
1082.0,10014.47,9.26,0.0,21.06,1
32.0,42.12,1.32,0.62,2.39,3
170.0,255.93,1.51,0.12,4.82,3
902.0,3076.08,3.41,0.0,12.03,2
154.0,245.16,1.59,0.95,1.87,3
1198.0,3383.11,2.82,0.0,12.99,2
884.0,1462.27,1.65,0.07,11.27,2
86.0,109.52,1.27,0.13,2.43,3
1594.0,451.29,0.28,0.0,4.1,3
780.0,1045.31,1.34,0.13,9.43,2
56.0,39.12,0.7,0.14,1.56,3
7519.0,3010.59,0.4,0.05,4.17,3
58.0,111.56,1.92,0.48,5.92,3
314.0,1235.5,3.93,0.0,13.44,1
54.0,41.54,0.77,0.12,3.7,3
1700.0,2019.78,1.19,0.0,9.7,2
15.0,19.39,1.29,0.88,1.68,3
154.0,721.29,4.68,2.05,4.47,2
206.0,322.18,1.56,0.21,4.47,3
88.0,11.05,0.13,0.0,0.73,3
200.0,381.86,1.91,0.0,5.45,3
639.0,2769.88,4.33,0.22,8.97,2
220.0,291.36,1.32,0.38,1.91,3
395.0,445.1,1.13,0.0,3.33,3
12.0,608.62,50.72,0.88,19.91,4
300.0,1429.56,4.77,0.37,13.36,2
808.0,27.77,0.03,0.02,0.36,3
478.0,2163.86,4.53,0.0,13.96,1
786.0,1089.31,1.39,0.14,5.43,3
253.0,268.79,1.06,0.0,2.78,3
355.0,4336.6,12.22,5.85,16.0,1
195.0,128.96,0.66,0.0,1.59,3
666.0,551.22,0.83,0.0,5.17,3
441.0,624.41,1.42,1.12,4.01,3
40.0,35.62,0.89,0.0,2.46,3
285.0,910.74,3.2,0.0,7.41,2
1757.0,111642.03,63.54,8.67,83.98,4
58.0,46.0,0.79,0.0,2.88,3
1617.0,15291.13,9.46,0.22,19.25,1
377.0,538.98,1.43,0.0,4.44,3
1140.0,3537.86,3.1,0.0,13.99,2
649.0,3136.35,4.83,0.0,20.37,1
1085.0,8829.04,8.14,0.0,22.57,1
846.0,164.1,0.19,0.09,2.85,3
316.0,303.66,0.96,0.0,3.47,3
16.0,32.95,2.06,0.76,4.74,3
1604.0,15412.17,9.61,0.57,30.03,1
903.0,3192.68,3.54,0.0,17.81,1
1377.0,3545.24,2.57,0.0,6.83,2
835.0,3258.81,3.9,0.0,10.82,2
217.0,662.98,3.06,2.33,3.7,2
40.0,84.22,2.11,1.2,2.98,3
1150.0,1459.68,1.27,0.0,3.79,3
260.0,179.56,0.69,0.0,3.79,3
186.0,87.59,0.47,0.07,5.45,3
32.0,168.17,5.26,2.2,3.05,2
896.0,2294.04,2.56,0.0,11.07,2
1072.0,3021.27,2.82,0.06,9.47,2
146.0,251.59,1.72,0.34,3.83,3
396.0,325.3,0.82,0.22,2.82,3
1254.0,3396.99,2.71,0.71,5.45,2
110.0,181.35,1.65,0.0,4.12,2
978.0,2592.21,2.65,0.17,8.59,2
95.0,71.8,0.76,0.0,1.46,3
800.0,7367.18,9.21,0.0,20.41,1
50.0,74.84,1.5,0.38,3.1,3
140.0,196.58,1.4,0.38,3.21,3
318.0,1656.33,5.21,0.68,9.53,1
275.0,349.83,1.27,0.0,1.97,3
913.0,4485.91,4.91,0.0,17.8,1
441.0,538.15,1.22,0.0,5.98,3
512.0,1005.22,1.96,0.06,6.8,2
1618.0,4439.48,2.74,0.0,11.77,2
795.0,1868.04,2.35,0.0,9.09,2
282.0,1877.95,6.66,0.34,15.99,1
54.0,89.2,1.65,0.73,3.11,3
633.0,3657.31,5.78,0.0,16.21,1
453.0,371.37,0.82,0.2,1.42,3
809.0,1138.2,1.41,0.0,5.36,3
283.0,1641.78,5.8,0.07,16.76,1
2328.0,1525.97,0.66,0.03,5.76,3
892.0,10085.37,11.31,0.06,22.53,1
345.0,2180.82,6.32,0.0,15.5,1
4935.0,1500.99,0.3,0.09,0.84,3
416.0,1569.63,3.77,0.27,7.42,2
1235.0,7000.79,5.67,0.0,16.33,1
492.0,796.96,1.62,0.04,5.21,3
620.0,734.65,1.18,0.09,3.08,3
778.0,1879.84,2.42,0.0,11.34,2
546.0,1419.83,2.6,0.0,13.17,1
1450.0,3154.51,2.18,0.14,6.9,2
378.0,345.99,0.92,0.0,3.61,3
296.0,149.43,0.5,0.0,2.74,3
25.0,29.6,1.18,0.43,1.98,3
39.0,35.6,0.91,0.07,5.63,3
93.0,79.73,0.86,0.0,1.89,3
211.0,287.76,1.36,0.66,1.55,3
71.0,109.18,1.54,0.09,4.83,3
1040.0,1081.01,1.04,0.0,3.28,3
57.0,108.02,1.9,0.18,3.83,3
78.0,107.35,1.38,0.11,3.03,3
466.0,332.28,0.71,0.1,2.19,3
136.0,173.78,1.28,0.07,2.72,3
934.0,3191.45,3.42,0.0,10.37,2
382.0,1115.4,2.92,0.26,9.88,2
40166.0,551439.16,13.73,0.0,32.17,4
210.0,244.04,1.16,0.0,3.05,3
2223.0,1214.74,0.55,0.0,5.45,3
2084.0,1445.85,0.69,0.0,3.55,3
42355.0,40310.87,0.95,0.0,23.21,1
97.0,137.85,1.42,0.0,4.57,3
39033.0,1002369.44,25.68,0.0,58.9,4
728.0,667.7,0.92,0.0,3.57,3
34.0,38.98,1.15,0.26,2.49,3
550.0,529.45,0.96,0.0,4.41,3
597.0,869.29,1.46,1.05,1.7,3
134.0,165.5,1.24,0.34,2.86,3
374.0,327.69,0.88,0.07,3.46,3
43.0,74.7,1.74,0.97,1.23,3
289.0,446.7,1.55,1.14,2.82,3
1727.0,16968.08,9.83,0.0,25.29,1
689.0,2148.47,3.12,0.84,5.73,3
7249.0,168221.53,23.21,0.09,35.1,4
1217.0,660.09,0.54,0.11,2.92,3
224.0,285.33,1.27,0.0,3.69,3
869.0,1420.24,1.63,0.48,3.08,3
924.0,2446.78,2.65,0.06,8.29,2
368.0,383.58,1.04,0.21,2.51,3
1370.0,16327.71,11.92,0.0,23.64,1
146.0,161.86,1.11,0.45,1.86,3
578.0,832.19,1.44,0.07,3.01,3
224.0,259.57,1.16,0.49,1.07,3
158.0,305.0,1.93,0.6,3.97,2
1630.0,16023.65,9.83,0.0,28.58,1
234.0,984.83,4.21,1.14,6.66,2
437.0,3970.32,9.09,1.19,18.38,4
1754.0,111731.94,63.7,4.67,83.52,4
720.0,688.56,0.96,0.0,3.89,3
164.0,257.51,1.57,0.06,5.83,3
2415.0,52154.91,21.6,0.25,35.28,4
880.0,1109.23,1.26,0.0,4.93,3
183.0,184.45,1.01,0.0,5.01,3
88.0,80.78,0.92,0.0,2.57,3
824.0,1903.23,2.31,0.0,6.24,2
392.0,322.93,0.82,0.0,3.77,3
11142.0,1292.9,0.12,0.0,3.72,3
386.0,614.69,1.59,0.0,6.74,2
1588.0,4027.42,2.54,0.0,12.15,2
13217.0,9496.37,0.72,0.0,5.69,3
66.0,316.26,4.79,2.57,8.86,2
191.0,276.88,1.45,0.28,3.62,3
1063.0,624.78,0.59,0.0,5.03,3
882.0,10631.48,12.05,0.0,24.35,1
28.0,67.32,2.4,0.34,5.01,3
678.0,2125.86,3.14,0.0,10.05,2
2056.0,3170.19,1.54,0.0,5.18,2
618.0,709.4,1.15,0.0,4.91,3
608.0,797.91,1.31,0.1,3.66,3
113.0,168.16,1.49,0.14,3.17,3
106.0,169.01,1.59,0.1,5.53,3
392.0,516.56,1.32,0.88,1.58,3
1089.0,869.04,0.8,0.0,4.77,3
38.0,48.37,1.27,0.06,3.58,3
546.0,3639.19,6.67,0.69,34.67,1
1611.0,16582.6,10.29,0.0,23.44,1
3199.0,845.68,0.26,0.0,3.74,3
694.0,1046.74,1.51,0.0,5.71,3
64.0,24.84,0.39,0.0,2.61,3
390.0,501.54,1.29,0.04,2.35,3
1045.0,3875.73,3.71,0.0,6.26,2
66.0,49.65,0.75,0.0,1.89,3
14541.0,277827.94,19.11,0.0,49.44,4
387.0,182.51,0.47,0.26,0.61,3
381.0,2237.12,5.87,0.0,14.6,1
293.0,340.93,1.16,0.0,5.71,3
870.0,988.67,1.14,0.0,4.96,3
1541.0,4163.0,2.7,0.0,11.85,2
1312.0,5813.02,4.43,0.0,22.26,1
101.0,180.06,1.78,0.78,5.09,3
32898.0,821657.7,24.98,0.0,51.03,4
856.0,2409.44,2.81,0.0,8.42,2
246.0,295.51,1.2,0.46,2.36,3
4458.0,3546.45,0.8,0.0,5.05,3
1085.0,7100.23,6.54,0.34,15.96,1
58.0,74.82,1.29,0.24,4.29,3
554.0,1658.43,2.99,0.24,8.96,2
1402.0,8713.0,6.21,0.0,19.72,1
170.0,53.57,0.32,0.0,1.75,3
128.0,128.98,1.01,0.0,5.53,3
489.0,2704.8,5.53,0.0,13.71,1
726.0,2377.19,3.27,0.04,12.14,2
240.0,370.9,1.55,0.28,5.96,3
461.0,5672.91,12.31,0.64,20.37,1
26.0,4.87,0.19,0.04,0.71,3
380.0,5734.5,15.09,0.44,22.39,1
670.0,859.77,1.28,0.45,3.47,3
94.0,171.56,1.83,0.17,4.29,3
868.0,1158.47,1.33,0.0,8.56,2
392.0,3784.89,9.66,3.44,13.51,4
2865.0,1994.15,0.7,0.03,1.17,3
2325.0,13767.57,5.92,0.0,19.03,1
605.0,746.92,1.23,0.81,1.48,3
1620.0,28981.18,17.89,1.25,30.54,4
152.0,114.88,0.76,0.07,3.79,3
1321.0,2087.36,1.58,0.73,3.66,3
56.0,208.8,3.73,1.75,7.58,2
138.0,316.36,2.29,0.04,5.93,3
2367.0,16009.32,6.76,0.52,15.96,1
200.0,330.16,1.65,0.53,2.39,3
3022.0,10194.2,3.37,0.27,5.83,2
963.0,2287.54,2.38,0.0,7.78,2
682.0,2185.5,3.2,0.04,6.21,2
88.0,551.62,6.27,0.28,17.65,1
2866.0,11368.94,3.97,0.04,45.73,4
1518.0,19038.39,12.54,0.62,19.54,4
1258.0,2930.0,2.33,0.0,13.62,2
148.0,222.58,1.5,0.24,3.21,3
164.0,309.17,1.89,0.69,4.97,3
1962.0,1973.84,1.01,0.07,2.08,2
1760.0,112018.67,63.65,8.33,84.21,4
658.0,2493.51,3.79,0.57,9.8,2
996.0,3331.01,3.34,0.04,11.34,2
944.0,14889.62,15.77,0.39,20.66,1
128.0,222.68,1.74,1.09,1.37,3
476.0,155.28,0.33,0.0,5.06,3
1668.0,1038.32,0.62,0.0,13.88,2
525.0,1855.44,3.53,0.26,7.93,2
177.0,346.85,1.96,0.5,5.23,3
406.0,1218.8,3.0,0.15,9.63,2
1127.0,8729.8,7.75,0.0,24.39,1
84.0,104.34,1.24,0.07,5.89,3
985.0,3125.31,3.17,0.0,17.89,1
336.0,2844.35,8.47,0.07,23.21,1
1179.0,5272.6,4.47,0.33,12.14,1
2368.0,6238.98,2.63,0.0,13.65,2
896.0,2207.85,2.46,0.0,10.32,2
310.0,316.4,1.02,0.0,3.57,3
256.0,2974.11,11.62,0.96,45.12,4
416.0,1170.58,2.81,1.4,7.05,2
377.0,522.29,1.39,1.05,1.61,3
1061.0,14754.52,13.91,1.08,20.72,1
675.0,906.62,1.34,0.54,3.25,3
697.0,1941.28,2.79,0.62,4.96,2
484.0,304.01,0.63,0.0,2.01,3
80.0,54.11,0.68,0.19,2.13,3
2120.0,112308.58,52.98,0.0,82.87,4
706.0,1844.76,2.61,0.0,6.42,2
712.0,1963.03,2.76,0.0,13.91,2
630.0,7223.52,11.47,0.0,19.35,1
190.0,599.55,3.16,0.36,4.31,3
1363.0,1855.94,1.36,0.35,3.49,3
916.0,14273.02,15.58,0.0,23.15,1
97.0,129.54,1.34,0.11,2.92,3
309.0,1423.11,4.61,0.26,15.34,1
289.0,1012.05,3.5,1.0,5.24,2
1549.0,10505.23,6.78,0.6,36.8,1
1174.0,38449.59,32.75,6.51,45.26,4
475.0,721.25,1.52,0.0,4.86,3
487.0,568.34,1.17,0.0,5.58,3
115.0,118.33,1.03,0.41,1.05,3
838.0,1143.94,1.37,0.04,5.98,3
45.0,67.16,1.49,0.42,2.84,3
154.0,221.74,1.44,0.52,3.0,3
265.0,362.07,1.37,0.0,5.58,3
362.0,370.42,1.02,0.48,1.9,3
977.0,271.6,0.28,0.0,2.0,3
82.0,43.41,0.53,0.0,2.44,3
525.0,681.1,1.3,0.4,1.74,3
32.0,102.64,3.21,0.31,5.48,3
1760.0,13640.61,7.75,0.0,20.5,1
951.0,4146.59,4.36,0.0,8.51,2
1302.0,3522.94,2.71,0.0,8.95,2
58.0,129.96,2.24,0.54,2.97,3
87.0,140.27,1.61,1.23,1.57,3
285.0,164.99,0.58,0.0,3.19,3
786.0,4400.82,5.6,0.0,19.78,1
1158.0,1469.82,1.27,0.0,3.98,3
497.0,1032.8,2.08,0.26,3.29,2
416.0,376.62,0.91,0.0,4.01,3
4950.0,11619.86,2.35,0.22,8.4,2
410.0,683.04,1.67,0.0,5.71,3
138.0,256.86,1.86,1.27,4.12,3
2235.0,1974.82,0.88,0.0,3.39,3
339.0,461.8,1.36,0.0,4.94,3
165.0,232.87,1.41,0.06,5.77,3
2405.0,2323.59,0.97,0.0,3.94,3
700.0,889.64,1.27,0.05,4.69,2
230.0,118.65,0.52,0.0,2.29,3
55354.0,2246.88,0.04,0.02,16.89,1
1437.0,8744.55,6.09,0.16,6.67,4
146.0,68.4,0.47,0.0,2.79,3
992.0,2944.16,2.97,0.0,7.45,2
642.0,979.17,1.53,0.14,5.19,3
421.0,538.86,1.28,0.39,5.86,3
490.0,732.19,1.49,0.77,1.77,3
20.0,8.71,0.44,0.17,0.58,3
970.0,2555.64,2.63,0.0,6.74,2
219.0,1681.38,7.68,0.05,13.34,1
1911.0,873.41,0.46,0.0,4.23,3
178.0,80.52,0.45,0.0,2.76,3
11142.0,1292.9,0.12,0.0,3.72,3
347.0,1353.98,3.9,0.62,6.36,2
60.0,65.85,1.1,0.04,2.72,3
1445.0,18595.45,12.87,0.0,22.46,1
139.0,112.38,0.81,0.0,1.86,3
64.0,63.16,0.99,0.0,5.34,3
1166.0,3492.71,3.0,0.04,8.03,2
138.0,111.12,0.81,0.04,4.11,3
1874.0,1945.76,1.04,0.0,5.63,2
244.0,788.99,3.23,1.24,6.32,2
128.0,186.68,1.46,0.1,2.92,3
75.0,124.54,1.66,1.2,2.21,3
884.0,2887.59,3.27,0.0,6.89,2
224.0,272.7,1.22,0.37,3.17,3
130.0,86.03,0.66,0.05,3.61,3
440.0,2385.56,5.42,2.32,8.51,1
238.0,31.53,0.13,0.02,1.93,3
76.0,105.06,1.38,0.06,3.48,3
592.0,370.13,0.63,0.0,3.84,3
998.0,2590.13,2.6,0.0,9.83,2
370.0,1651.94,4.46,0.07,21.51,1
1181.0,4654.36,3.94,0.0,7.74,2
1352.0,3631.54,2.69,0.14,11.51,2
367.0,541.47,1.48,0.67,2.05,3
235.0,327.07,1.39,0.0,5.5,3
664.0,1906.63,2.87,0.0,10.61,2
725.0,2490.16,3.43,0.0,13.74,2
203.0,291.4,1.44,0.42,3.68,3
6843.0,274313.32,40.09,4.17,48.63,4
467.0,479.85,1.03,0.0,4.47,3
2125.0,18392.34,8.66,0.0,22.61,1
555.0,1889.54,3.4,1.26,4.68,2
341.0,2509.04,7.36,1.78,14.38,1
754.0,1770.41,2.35,0.0,10.07,2
522.0,1549.89,2.97,0.0,5.59,2
222.0,259.58,1.17,0.0,2.15,3
732.0,1826.07,2.49,0.28,6.72,2
2285.0,13296.36,5.82,0.0,43.32,1
200.0,323.64,1.62,1.17,1.31,3
1188.0,3235.07,2.72,0.1,9.19,2
804.0,6204.68,7.72,1.45,21.07,1
332.0,324.39,0.98,0.0,4.34,3
495.0,840.93,1.7,0.0,5.78,3
1314.0,1293.55,0.98,0.0,5.25,3
805.0,4417.63,5.49,0.0,21.08,1
248.0,269.73,1.09,0.04,5.43,3
1354.0,13660.29,10.09,0.0,22.37,1
396.0,1245.13,3.14,0.11,7.88,2
95.0,159.53,1.68,0.56,4.65,2
1540.0,108105.08,70.2,9.75,83.95,4
2192.0,1449.07,0.66,0.0,5.51,3
140.0,263.24,1.88,0.31,5.24,3
1908.0,25852.93,13.55,0.0,33.57,1
302.0,415.76,1.38,0.0,3.29,3
40.0,38.02,0.95,0.25,2.49,3
195.0,629.16,3.23,0.0,6.35,2
273.0,368.2,1.35,0.59,1.86,3
1304.0,15990.83,12.26,0.0,20.17,1
136.0,186.21,1.37,0.65,3.83,3
60.0,108.99,1.82,0.4,4.57,3
690.0,681.37,0.99,0.0,4.76,3
1801.0,4540.22,2.52,0.0,6.59,2
534.0,119.74,0.22,0.05,5.58,3
155.0,199.37,1.29,0.0,2.28,3
260.0,425.67,1.64,0.24,4.0,3
1197.0,1765.22,1.47,0.57,5.3,3
240.0,238.06,0.99,0.0,2.26,3
875.0,3851.61,4.4,1.79,12.83,2
992.0,3096.97,3.12,0.0,10.25,2
291.0,386.07,1.33,0.07,5.0,3
14169.0,11593.44,0.82,0.04,2.64,3
620.0,1937.63,3.13,0.09,6.07,2
49.0,93.09,1.9,0.82,4.33,3
70.0,89.19,1.27,0.57,1.68,3
4436.0,141476.21,31.89,0.79,47.57,4
956.0,3263.29,3.41,0.0,8.91,2
160.0,248.36,1.55,0.36,2.55,3
232.0,622.56,2.68,0.0,10.04,2
1179.0,8300.29,7.04,0.0,22.11,1
1172.0,3877.56,3.31,0.4,4.41,2
827.0,6749.99,8.16,0.18,16.02,1
892.0,9652.51,10.82,0.0,24.18,1
277.0,434.22,1.57,0.86,2.27,3
1166.0,14535.37,12.47,0.0,25.15,1
553.0,2290.18,4.14,0.0,12.84,2
1136.0,3380.59,2.98,0.0,9.46,2
644.0,1017.95,1.58,0.09,4.42,3
7476.0,188538.83,25.22,0.11,60.95,4
230.0,241.3,1.05,0.0,5.39,3
136.0,127.07,0.93,0.15,4.8,3
506.0,4244.2,8.39,0.0,34.39,1
766.0,2596.58,3.39,0.0,9.93,2
98.0,73.98,0.75,0.22,4.49,3
733.0,3017.23,4.12,0.0,11.09,2
720.0,928.97,1.29,0.26,2.86,3
1305.0,1730.37,1.33,0.13,5.5,2
74.0,78.19,1.06,0.0,2.28,3
982.0,807.03,0.82,0.05,4.08,3
92.0,246.5,2.68,0.41,10.83,2
1338.0,2145.22,1.6,0.06,12.37,2
170.0,76.12,0.45,0.0,2.22,3
15.0,56.14,3.74,0.94,5.81,2
356.0,332.88,0.94,0.0,3.41,3
495.0,414.56,0.84,0.0,2.09,3
1225.0,1495.49,1.22,0.71,2.36,3
58.0,84.18,1.45,0.1,4.66,3
20.0,76.79,3.84,0.0,1.63,3
387.0,2974.74,7.69,1.37,10.74,1
421.0,3993.57,9.49,1.07,18.6,4
1182.0,3883.02,3.29,0.0,7.92,2
55.0,109.09,1.98,0.69,3.42,3
1488.0,3712.6,2.5,0.0,12.99,2
738.0,612.52,0.83,0.0,3.59,3
860.0,2393.85,2.78,0.19,6.52,2
3435.0,64520.09,18.78,0.14,32.34,4
1470.0,1280.76,0.87,0.0,5.55,3
399.0,279.32,0.7,0.44,1.08,3
905.0,13315.97,14.71,0.59,18.27,1
128.0,196.12,1.53,0.75,2.28,3
926.0,3859.5,4.17,0.6,4.81,2
650.0,2125.82,3.27,0.0,6.36,2
294.0,1261.74,4.29,0.77,8.63,2
1399.0,1724.23,1.23,0.04,2.07,3
532.0,1039.97,1.95,0.0,9.1,2
220.0,210.48,0.96,0.0,2.01,3
991.0,3698.57,3.73,1.01,4.7,2
11412.0,42681.28,3.74,0.09,11.23,2
168.0,225.04,1.34,0.07,2.73,3
355.0,4600.86,12.96,6.95,15.34,1
314.0,232.6,0.74,0.0,2.84,3
308.0,266.12,0.86,0.0,4.52,3
165.0,224.06,1.36,0.23,4.21,3
124.0,191.39,1.54,0.21,4.01,3
682.0,2243.26,3.29,0.06,13.33,2
181.0,339.8,1.88,1.06,2.15,3
1122.0,2566.63,2.29,0.0,7.57,2
946.0,1892.54,2.0,0.0,13.0,2
540.0,657.27,1.22,0.0,4.04,3
2168.0,51696.92,23.85,0.0,35.04,1
1008.0,9380.21,9.31,0.0,26.63,1
1000.0,2329.4,2.33,0.0,5.4,2
712.0,701.13,0.98,0.0,4.12,3
97.0,137.85,1.42,0.0,4.57,3
212.0,290.79,1.37,0.04,5.07,3
324.0,410.39,1.27,0.04,5.68,3
535.0,739.59,1.38,0.0,4.81,3
973.0,1238.04,1.27,0.19,4.02,3
1562.0,2962.51,1.9,0.0,10.42,2
38.0,70.11,1.85,0.19,4.2,3
844.0,2333.77,2.77,0.0,6.37,2
546.0,1508.06,2.76,0.92,7.02,2
1555.0,16759.58,10.78,0.0,20.89,1
48.0,32.8,0.68,0.07,1.71,3
132.0,614.13,4.65,2.47,7.54,2
430.0,857.94,2.0,0.0,4.19,3
224.0,127.96,0.57,0.06,22.31,4
1024.0,2517.71,2.46,0.0,15.9,1
738.0,403.85,0.55,0.1,1.49,3
1675.0,9819.75,5.86,0.0,18.3,1
434.0,1172.27,2.7,0.0,11.87,2
598.0,768.18,1.28,0.9,1.48,3
188.0,215.6,1.15,0.69,1.15,3
16.0,17.3,1.08,0.07,3.8,3
575.0,2330.44,4.05,0.0,14.05,1
210.0,237.73,1.13,0.24,2.15,3
497.0,524.63,1.06,0.0,5.16,3
1524.0,15083.45,9.9,1.09,22.31,1
496.0,894.9,1.8,0.04,5.47,2
